3046300,23594635,VST3
6959224,14581601,VST3
2467221,11627705,VST3
11627705,12345227,VST3
11627705,22197335,VST3
11627705,19994918,VST3
11627705,17728719,VST3
3422759,4336715,VST3
657801,3422759,VST3
3422759,8117216,VST3
3422759,13289545,VST3
3422759,22403259,VST3
3422759,11986970,VST3
3422759,20725036,VST3
3422759,12328424,VST3
3422759,5090669,VST3
3058818,3058819,VST3
3058819,17871427,VST3
20601755,20601756,VST3
10482004,11902597,VST3
2461169,7460369,VST3
2461169,19643373,VST3
2461169,19643372,VST3
2461169,7460370,VST3
22300980,22303544,VST3
18070587,22303544,VST3
7227024,11066054,VST3
8801744,11066054,VST3
10006681,11066054,VST3
5260867,20080077,VST3
15924093,16378626,VST3
10415388,16378626,VST3
8843442,16378626,VST3
7460369,12614306,VST3
12614306,19643373,VST3
12614306,19643372,VST3
7460370,12614306,VST3
18489831,18611368,VST3
5271797,21733505,VST3
6288459,6288460,VST3
4889303,15854397,VST3
2467221,22197335,VST3
2467221,10601019,VST3
2467221,10368839,VST3
2467221,16924659,VST3
2467221,17728719,VST3
2467221,17791385,VST3
2467221,5523389,VST3
2467221,13834118,VST3
2150993,7257286,VST3
3024989,3024993,VST3
11776522,20735941,VST3
15299682,20735941,VST3
18850012,20514481,VST3
20514481,20898459,VST3
3229363,17557354,VST3
17557354,22423727,VST3
1244216,20492176,VST3
4623012,7460369,VST3
4623012,19643373,VST3
4623012,19643372,VST3
4623012,7460370,VST3
3613198,19868933,VST3
2252378,3613198,VST3
1663419,3613198,VST3
3613198,17551461,VST3
3613198,14763206,VST3
3613198,21374275,VST3
1037968,3613198,VST3
3613198,22137915,VST3
3613198,20870396,VST3
3613198,9756057,VST3
1769771,3613198,VST3
3108499,3613198,VST3
17891160,18492101,VST3
10934628,13292215,VST3
557732,557734,VST3
7460369,8793826,VST3
8793826,19643373,VST3
8793826,19643372,VST3
7460370,8793826,VST3
16082064,23403205,VST3
1977837,16082064,VST3
11514180,16082064,VST3
7460369,18623183,VST3
18623183,19643373,VST3
18623183,19643372,VST3
7460370,18623183,VST3
15588201,16639229,VST3
7678253,22306604,VST3
6031248,6959224,VST3
16851953,16851954,VST3
16851954,16851955,VST3
12543783,23630686,VST3
7460369,8625346,VST3
8625346,19643373,VST3
8625346,19643372,VST3
7460370,8625346,VST3
2362445,19868933,VST3
2252378,2362445,VST3
1663419,2362445,VST3
2362445,17551461,VST3
2362445,14763206,VST3
2362445,21374275,VST3
1037968,2362445,VST3
2362445,22137915,VST3
2362445,20870396,VST3
2362445,9756057,VST3
1769771,2362445,VST3
2362445,3108499,VST3
4382405,20886787,VST3
3078767,3959503,VST3
3078767,8980221,VST3
19868933,20654105,VST3
2252378,20654105,VST3
1663419,20654105,VST3
17551461,20654105,VST3
14763206,20654105,VST3
20654105,21374275,VST3
1037968,20654105,VST3
20654105,22137915,VST3
20654105,20870396,VST3
9756057,20654105,VST3
1769771,20654105,VST3
3108499,20654105,VST3
20128728,23130941,VST3
367770,7460369,VST3
367770,19643373,VST3
367770,19643372,VST3
367770,7460370,VST3
7460369,14317425,VST3
14317425,19643373,VST3
14317425,19643372,VST3
7460370,14317425,VST3
615357,615358,VST3
3058818,17871426,VST3
3024985,3024988,VST3
7460369,18269745,VST3
18269745,19643373,VST3
18269745,19643372,VST3
7460370,18269745,VST3
4336715,16540473,VST3
657801,16540473,VST3
8117216,16540473,VST3
13289545,16540473,VST3
16540473,22403259,VST3
11986970,16540473,VST3
16540473,20725036,VST3
12328424,16540473,VST3
5090669,16540473,VST3
2825450,6959224,VST3
6780166,19950034,VST3
10369570,11066055,VST3
1704751,10369570,VST3
9499457,10369570,VST3
7460369,7760801,VST3
7760801,19643373,VST3
7760801,19643372,VST3
7460370,7760801,VST3
1856912,21925741,VST3
12345227,22197335,VST3
10601019,12345227,VST3
10368839,12345227,VST3
12345227,16924659,VST3
12345227,17728719,VST3
12345227,17791385,VST3
5523389,12345227,VST3
12345227,13834118,VST3
9109613,9265781,VST3
9265781,22712288,VST3
4336715,22271237,VST3
657801,22271237,VST3
8117216,22271237,VST3
13289545,22271237,VST3
22271237,22403259,VST3
11986970,22271237,VST3
20725036,22271237,VST3
12328424,22271237,VST3
5090669,22271237,VST3
2883828,22427840,VST3
7460369,12678589,VST3
12678589,19643373,VST3
12678589,19643372,VST3
7460370,12678589,VST3
14168494,19685311,VST3
6959224,16324741,VST3
7227024,8801744,VST3
7227024,10006681,VST3
635006,18293811,VST3
302936,635006,VST3
7460369,18269744,VST3
18269744,19643373,VST3
18269744,19643372,VST3
7460370,18269744,VST3
21754659,22728536,VST3
5055545,23484507,VST3
3577507,20128728,VST3
6188784,6959224,VST3
6959224,23596949,VST3
6959224,9325670,VST3
6959224,11993046,VST3
2418918,6959224,VST3
6959224,6980854,VST3
6959224,23613195,VST3
1424647,6959224,VST3
2461168,7460369,VST3
2461168,19643373,VST3
2461168,19643372,VST3
2461168,7460370,VST3
6419481,11066055,VST3
11066055,17534703,VST3
7976872,11066055,VST3
11066055,19993993,VST3
9499457,11066055,VST3
3024981,3024992,VST3
19994918,22197335,VST3
10601019,22197335,VST3
10368839,22197335,VST3
16924659,22197335,VST3
17791385,22197335,VST3
5523389,22197335,VST3
13834118,22197335,VST3
3597316,4336715,VST3
657801,3597316,VST3
3597316,8117216,VST3
3597316,13289545,VST3
3597316,22403259,VST3
3597316,11986970,VST3
3597316,20725036,VST3
3597316,12328424,VST3
3597316,5090669,VST3
13122204,17477957,VST3
12764800,18288470,VST3
7460369,21870537,VST3
19643373,21870537,VST3
19643372,21870537,VST3
7460370,21870537,VST3
19868933,20544327,VST3
2252378,20544327,VST3
1663419,20544327,VST3
17551461,20544327,VST3
14763206,20544327,VST3
20544327,21374275,VST3
1037968,20544327,VST3
20544327,22137915,VST3
20544327,20870396,VST3
9756057,20544327,VST3
1769771,20544327,VST3
3108499,20544327,VST3
7460369,8793825,VST3
8793825,19643373,VST3
8793825,19643372,VST3
7460370,8793825,VST3
607724,7130579,VST3
938889,7130579,VST3
7130579,14778878,VST3
13122191,17477951,VST3
16797551,16797552,VST3
4623013,7460369,VST3
4623013,19643373,VST3
4623013,19643372,VST3
4623013,7460370,VST3
11846837,15225841,VST3
2252378,19868933,VST3
15461843,19868933,VST3
1663419,19868933,VST3
12232011,19868933,VST3
3239010,19868933,VST3
19868933,23390255,VST3
19868933,20806023,VST3
7237618,19868933,VST3
13121131,19868933,VST3
19868933,21374275,VST3
19868933,20310134,VST3
17984312,19868933,VST3
6319887,19868933,VST3
14876163,19868933,VST3
15831694,19868933,VST3
19868933,20870396,VST3
19868933,21285620,VST3
978946,19868933,VST3
11066056,19868933,VST3
12728035,19868933,VST3
19868933,21457925,VST3
13396233,19868933,VST3
9756057,19868933,VST3
1769771,19868933,VST3
657801,4336715,VST3
4336715,14502142,VST3
266990,4336715,VST3
4336715,8117216,VST3
4336715,13289545,VST3
4336715,19849797,VST3
4336715,21177597,VST3
4336715,22403259,VST3
4336715,11986970,VST3
4336715,4385640,VST3
4336715,23069799,VST3
4336715,18741084,VST3
4336715,12328424,VST3
4336715,17097179,VST3
3419825,4336715,VST3
4336715,20085210,VST3
4672830,20180801,VST3
7460369,11548511,VST3
11548511,19643373,VST3
11548511,19643372,VST3
7460370,11548511,VST3
18850012,20898459,VST3
1704751,6419481,VST3
6419481,9499457,VST3
10062076,19565151,VST3
10824317,21930706,VST3
3746824,15607448,VST3
7460369,16351775,VST3
7460369,7760800,VST3
831650,7460369,VST3
7460369,16224017,VST3
7460369,17456566,VST3
3768629,7460369,VST3
7460369,19142737,VST3
6814855,7460369,VST3
7460369,13783898,VST3
7460369,19643373,VST3
7460369,19584877,VST3
7460369,19584878,VST3
2711644,7460369,VST3
7460369,13028547,VST3
7460369,8778961,VST3
7460369,12172484,VST3
7460369,11319480,VST3
7460369,15571541,VST3
7460369,16466520,VST3
1458628,7460369,VST3
7460369,16388708,VST3
411630,7460369,VST3
7460369,16224018,VST3
7460369,14183084,VST3
3768628,7460369,VST3
831649,7460369,VST3
367771,7460369,VST3
6814854,7460369,VST3
7460369,18623182,VST3
7460369,19643372,VST3
2711645,7460369,VST3
1421557,7460369,VST3
7460369,12172485,VST3
7460369,14317426,VST3
1458629,7460369,VST3
7460369,15571542,VST3
250596,7460369,VST3
7460369,14183083,VST3
7460369,16466519,VST3
7460369,10287987,VST3
7460369,22246374,VST3
250595,7460369,VST3
7132185,7460369,VST3
6244937,7460369,VST3
7460369,9693856,VST3
6061403,7460369,VST3
948486,7460369,VST3
1421558,7460369,VST3
7460369,13902981,VST3
1966262,7460369,VST3
7460369,10287986,VST3
7460369,18731109,VST3
7460369,8612648,VST3
7460369,22246375,VST3
7460369,19142736,VST3
7460369,13783899,VST3
7132186,7460369,VST3
7460369,9693857,VST3
6244936,7460369,VST3
7460369,13028546,VST3
7460369,18731110,VST3
1966263,7460369,VST3
2532321,7460369,VST3
7460369,11319479,VST3
7460369,8778962,VST3
7460369,16388707,VST3
411631,7460369,VST3
7460369,13902980,VST3
7460369,8612647,VST3
7460369,19912848,VST3
4518933,7460369,VST3
7460369,12678588,VST3
7460369,21870536,VST3
7460369,21488869,VST3
7460369,11548510,VST3
2532322,7460369,VST3
7460369,16351776,VST3
4471000,7460369,VST3
7460369,17456565,VST3
7460369,19912847,VST3
4518934,7460369,VST3
7460369,9088422,VST3
7460369,12614305,VST3
7460369,22993367,VST3
7460369,21488868,VST3
948487,7460369,VST3
6061402,7460369,VST3
7460369,8625347,VST3
4471001,7460369,VST3
7460369,22993368,VST3
7460369,9088423,VST3
2252378,15461843,VST3
2252378,12232011,VST3
2252378,3239010,VST3
2252378,23390255,VST3
2252378,20806023,VST3
2252378,7237618,VST3
2252378,17551461,VST3
2252378,14763206,VST3
2252378,13121131,VST3
1037968,2252378,VST3
2252378,20310134,VST3
2252378,17984312,VST3
2252378,6319887,VST3
2252378,22137915,VST3
2252378,14876163,VST3
2252378,15831694,VST3
2252378,21285620,VST3
978946,2252378,VST3
2252378,11066056,VST3
2252378,12728035,VST3
2252378,21457925,VST3
2252378,13396233,VST3
2252378,9756057,VST3
1769771,2252378,VST3
2252378,3108499,VST3
13351384,13955716,VST3
2069219,13955716,VST3
13955716,14284540,VST3
16351775,19643373,VST3
16351775,19643372,VST3
7460370,16351775,VST3
3224152,17267680,VST3
10601019,19994918,VST3
10368839,19994918,VST3
16924659,19994918,VST3
17728719,19994918,VST3
17791385,19994918,VST3
5523389,19994918,VST3
13834118,19994918,VST3
657801,14502142,VST3
266990,657801,VST3
657801,8117216,VST3
657801,13289545,VST3
657801,19849797,VST3
657801,21177597,VST3
657801,22403259,VST3
657801,4385640,VST3
657801,23069799,VST3
657801,20725036,VST3
657801,18741084,VST3
657801,12328424,VST3
657801,17097179,VST3
657801,5090669,VST3
657801,3419825,VST3
657801,20085210,VST3
2069219,13351384,VST3
3024984,3024990,VST3
7760800,19643373,VST3
7760800,19643372,VST3
7460370,7760800,VST3
3746824,19999376,VST3
5297820,21247844,VST3
5297820,10131427,VST3
12903179,16987999,VST3
831650,19643373,VST3
831650,19643372,VST3
831650,7460370,VST3
16224017,19643373,VST3
16224017,19643372,VST3
7460370,16224017,VST3
15854397,22207815,VST3
13111022,18648407,VST3
9413061,20305472,VST3
8117216,14502142,VST3
13289545,14502142,VST3
14502142,22403259,VST3
11986970,14502142,VST3
14502142,20725036,VST3
12328424,14502142,VST3
5090669,14502142,VST3
17456566,19643373,VST3
17456566,19643372,VST3
7460370,17456566,VST3
14168494,22434268,VST3
6780166,12607168,VST3
2688428,6780166,VST3
6780166,13824827,VST3
6780166,11314030,VST3
14555517,14555518,VST3
7872662,7872663,VST3
670011,18293811,VST3
302936,670011,VST3
3768629,19643373,VST3
3768629,19643372,VST3
3768629,7460370,VST3
10601019,17728719,VST3
5883596,7209394,VST3
7209394,17585720,VST3
5744493,7209394,VST3
266990,8117216,VST3
266990,13289545,VST3
266990,22403259,VST3
266990,11986970,VST3
266990,20725036,VST3
266990,12328424,VST3
266990,5090669,VST3
1624010,3318214,VST3
5297820,6527977,VST3
10368839,17728719,VST3
19142737,19643373,VST3
19142737,19643372,VST3
7460370,19142737,VST3
1663419,15461843,VST3
15461843,17551461,VST3
14763206,15461843,VST3
15461843,21374275,VST3
1037968,15461843,VST3
15461843,22137915,VST3
15461843,20870396,VST3
9756057,15461843,VST3
1769771,15461843,VST3
3108499,15461843,VST3
6814855,19643373,VST3
6814855,19643372,VST3
6814855,7460370,VST3
3318214,20372195,VST3
16200294,19178258,VST3
1896089,5297820,VST3
20987164,23403205,VST3
16287151,21057438,VST3
16287151,18084457,VST3
7600378,19295911,VST3
15599613,16005066,VST3
13783898,19643373,VST3
13783898,19643372,VST3
7460370,13783898,VST3
19584877,19643373,VST3
19584878,19643373,VST3
2711644,19643373,VST3
13028547,19643373,VST3
8778961,19643373,VST3
12172484,19643373,VST3
11319480,19643373,VST3
15571541,19643373,VST3
16466520,19643373,VST3
1458628,19643373,VST3
16388708,19643373,VST3
411630,19643373,VST3
16224018,19643373,VST3
14183084,19643373,VST3
3768628,19643373,VST3
831649,19643373,VST3
367771,19643373,VST3
6814854,19643373,VST3
18623182,19643373,VST3
2711645,19643373,VST3
1421557,19643373,VST3
12172485,19643373,VST3
14317426,19643373,VST3
1458629,19643373,VST3
15571542,19643373,VST3
250596,19643373,VST3
14183083,19643373,VST3
16466519,19643373,VST3
10287987,19643373,VST3
19643373,22246374,VST3
250595,19643373,VST3
7132185,19643373,VST3
6244937,19643373,VST3
9693856,19643373,VST3
6061403,19643373,VST3
948486,19643373,VST3
1421558,19643373,VST3
13902981,19643373,VST3
1966262,19643373,VST3
10287986,19643373,VST3
18731109,19643373,VST3
8612648,19643373,VST3
19643373,22246375,VST3
19142736,19643373,VST3
13783899,19643373,VST3
7132186,19643373,VST3
9693857,19643373,VST3
6244936,19643373,VST3
13028546,19643373,VST3
18731110,19643373,VST3
1966263,19643373,VST3
2532321,19643373,VST3
11319479,19643373,VST3
8778962,19643373,VST3
16388707,19643373,VST3
411631,19643373,VST3
13902980,19643373,VST3
8612647,19643373,VST3
19643373,19912848,VST3
4518933,19643373,VST3
12678588,19643373,VST3
19643373,21870536,VST3
19643373,21488869,VST3
11548510,19643373,VST3
2532322,19643373,VST3
16351776,19643373,VST3
4471000,19643373,VST3
7460370,19643373,VST3
17456565,19643373,VST3
19643373,19912847,VST3
4518934,19643373,VST3
9088422,19643373,VST3
12614305,19643373,VST3
19643373,22993367,VST3
19643373,21488868,VST3
948487,19643373,VST3
6061402,19643373,VST3
8625347,19643373,VST3
4471001,19643373,VST3
19643373,22993368,VST3
9088423,19643373,VST3
1663419,12232011,VST3
1663419,3239010,VST3
1663419,23390255,VST3
1663419,20806023,VST3
1663419,7237618,VST3
1663419,17551461,VST3
1663419,14763206,VST3
1663419,13121131,VST3
1037968,1663419,VST3
1663419,20310134,VST3
1663419,17984312,VST3
1663419,6319887,VST3
1663419,22137915,VST3
1663419,14876163,VST3
1663419,15831694,VST3
1663419,21285620,VST3
978946,1663419,VST3
1663419,11066056,VST3
1663419,12728035,VST3
1663419,21457925,VST3
1663419,13396233,VST3
1663419,9756057,VST3
1663419,1769771,VST3
1663419,3108499,VST3
23531657,23531658,VST3
19584877,19643372,VST3
7460370,19584877,VST3
3959503,8980221,VST3
3959503,22410173,VST3
10318446,14168494,VST3
8801744,10006681,VST3
19584878,19643372,VST3
7460370,19584878,VST3
4020497,22948959,VST3
16663549,18377055,VST3
2711644,19643372,VST3
2711644,7460370,VST3
12232011,17551461,VST3
12232011,14763206,VST3
12232011,21374275,VST3
1037968,12232011,VST3
12232011,22137915,VST3
12232011,20870396,VST3
9756057,12232011,VST3
1769771,12232011,VST3
3108499,12232011,VST3
5297820,14702119,VST3
13028547,19643372,VST3
7460370,13028547,VST3
8778961,19643372,VST3
7460370,8778961,VST3
3239010,17551461,VST3
3239010,14763206,VST3
3239010,21374275,VST3
1037968,3239010,VST3
3239010,22137915,VST3
3239010,20870396,VST3
3239010,9756057,VST3
1769771,3239010,VST3
3108499,3239010,VST3
13924908,14974844,VST3
13924908,18935118,VST3
12172484,19643372,VST3
7460370,12172484,VST3
1704751,17534703,VST3
1704751,7976872,VST3
1704751,19993993,VST3
1704751,9499457,VST3
11319480,19643372,VST3
7460370,11319480,VST3
5883596,17585720,VST3
5744493,5883596,VST3
8117216,19849797,VST3
8117216,21177597,VST3
8117216,22403259,VST3
8117216,11986970,VST3
4385640,8117216,VST3
8117216,23069799,VST3
8117216,20725036,VST3
8117216,18741084,VST3
8117216,17097179,VST3
5090669,8117216,VST3
3419825,8117216,VST3
8117216,20085210,VST3
15571541,19643372,VST3
7460370,15571541,VST3
16466520,19643372,VST3
7460370,16466520,VST3
2575374,5297820,VST3
13289545,19849797,VST3
13289545,21177597,VST3
13289545,22403259,VST3
11986970,13289545,VST3
4385640,13289545,VST3
13289545,23069799,VST3
13289545,20725036,VST3
13289545,18741084,VST3
13289545,17097179,VST3
5090669,13289545,VST3
3419825,13289545,VST3
13289545,20085210,VST3
1458628,19643372,VST3
1458628,7460370,VST3
9499457,17534703,VST3
12380475,19731419,VST3
22441244,22441245,VST3
3197089,16157869,VST3
10824317,23413733,VST3
18583832,20822727,VST3
16388708,19643372,VST3
7460370,16388708,VST3
17551461,23390255,VST3
14763206,23390255,VST3
21374275,23390255,VST3
1037968,23390255,VST3
22137915,23390255,VST3
20870396,23390255,VST3
9756057,23390255,VST3
1769771,23390255,VST3
3108499,23390255,VST3
3024977,3024983,VST3
411630,19643372,VST3
411630,7460370,VST3
16224018,19643372,VST3
7460370,16224018,VST3
14183084,19643372,VST3
7460370,14183084,VST3
3768628,19643372,VST3
3768628,7460370,VST3
831649,19643372,VST3
831649,7460370,VST3
19849797,22403259,VST3
11986970,19849797,VST3
19849797,20725036,VST3
12328424,19849797,VST3
5090669,19849797,VST3
17551461,20806023,VST3
14763206,20806023,VST3
20806023,21374275,VST3
1037968,20806023,VST3
20806023,22137915,VST3
20806023,20870396,VST3
9756057,20806023,VST3
1769771,20806023,VST3
3108499,20806023,VST3
1977837,20987164,VST3
11514180,20987164,VST3
607724,10467996,VST3
938889,10467996,VST3
10467996,14778878,VST3
5297820,14598566,VST3
2906491,19351243,VST3
3318214,3325456,VST3
302936,18293811,VST3
21177597,22403259,VST3
11986970,21177597,VST3
20725036,21177597,VST3
12328424,21177597,VST3
5090669,21177597,VST3
367771,19643372,VST3
367771,7460370,VST3
10824317,22321272,VST3
3109015,3109016,VST3
12473411,21425787,VST3
10415388,12473411,VST3
12782570,17296916,VST3
7976872,9499457,VST3
3672328,14168494,VST3
6814854,19643372,VST3
6814854,7460370,VST3
18623182,19643372,VST3
7460370,18623182,VST3
16733950,17638222,VST3
20368648,21425787,VST3
7237618,17551461,VST3
7237618,14763206,VST3
7237618,21374275,VST3
1037968,7237618,VST3
7237618,22137915,VST3
7237618,20870396,VST3
7237618,9756057,VST3
1769771,7237618,VST3
3108499,7237618,VST3
2711645,19643372,VST3
1421557,19643372,VST3
12172485,19643372,VST3
14317426,19643372,VST3
1458629,19643372,VST3
15571542,19643372,VST3
250596,19643372,VST3
14183083,19643372,VST3
16466519,19643372,VST3
10287987,19643372,VST3
19643372,22246374,VST3
250595,19643372,VST3
7132185,19643372,VST3
6244937,19643372,VST3
9693856,19643372,VST3
6061403,19643372,VST3
948486,19643372,VST3
1421558,19643372,VST3
13902981,19643372,VST3
1966262,19643372,VST3
10287986,19643372,VST3
18731109,19643372,VST3
8612648,19643372,VST3
19643372,22246375,VST3
19142736,19643372,VST3
13783899,19643372,VST3
7132186,19643372,VST3
9693857,19643372,VST3
6244936,19643372,VST3
13028546,19643372,VST3
18731110,19643372,VST3
1966263,19643372,VST3
2532321,19643372,VST3
11319479,19643372,VST3
8778962,19643372,VST3
16388707,19643372,VST3
411631,19643372,VST3
13902980,19643372,VST3
8612647,19643372,VST3
19643372,19912848,VST3
4518933,19643372,VST3
12678588,19643372,VST3
19643372,21870536,VST3
19643372,21488869,VST3
11548510,19643372,VST3
2532322,19643372,VST3
16351776,19643372,VST3
4471000,19643372,VST3
7460370,19643372,VST3
17456565,19643372,VST3
19643372,19912847,VST3
4518934,19643372,VST3
9088422,19643372,VST3
12614305,19643372,VST3
19643372,22993367,VST3
19643372,21488868,VST3
948487,19643372,VST3
6061402,19643372,VST3
8625347,19643372,VST3
4471001,19643372,VST3
19643372,22993368,VST3
9088423,19643372,VST3
13666876,17231006,VST3
716032,18288470,VST3
2996859,10717656,VST3
13121131,17551461,VST3
17551461,21374275,VST3
17551461,20310134,VST3
17551461,17984312,VST3
6319887,17551461,VST3
14876163,17551461,VST3
15831694,17551461,VST3
17551461,20870396,VST3
17551461,21285620,VST3
978946,17551461,VST3
11066056,17551461,VST3
12728035,17551461,VST3
17551461,21457925,VST3
13396233,17551461,VST3
9756057,17551461,VST3
1769771,17551461,VST3
11277510,19117993,VST3
2711645,7460370,VST3
11986970,22403259,VST3
4385640,22403259,VST3
22403259,23069799,VST3
20725036,22403259,VST3
18741084,22403259,VST3
12328424,22403259,VST3
17097179,22403259,VST3
5090669,22403259,VST3
3419825,22403259,VST3
20085210,22403259,VST3
2903590,23029916,VST3
16924659,17728719,VST3
1421557,7460370,VST3
7460370,12172485,VST3
12971450,18536907,VST3
2026968,22327409,VST3
7460370,14317426,VST3
13121131,14763206,VST3
14763206,21374275,VST3
14763206,20310134,VST3
14763206,17984312,VST3
6319887,14763206,VST3
14763206,14876163,VST3
14763206,15831694,VST3
14763206,20870396,VST3
14763206,21285620,VST3
978946,14763206,VST3
11066056,14763206,VST3
12728035,14763206,VST3
14763206,21457925,VST3
13396233,14763206,VST3
9756057,14763206,VST3
1769771,14763206,VST3
3746824,14729262,VST3
1458629,7460370,VST3
7460370,15571542,VST3
4385640,11986970,VST3
11986970,23069799,VST3
11986970,20725036,VST3
11986970,18741084,VST3
11986970,12328424,VST3
11986970,17097179,VST3
5090669,11986970,VST3
3419825,11986970,VST3
11986970,20085210,VST3
17371628,21369761,VST3
5297820,23058336,VST3
5744493,17585720,VST3
250596,7460370,VST3
7460370,14183083,VST3
7460370,16466519,VST3
7460370,10287987,VST3
13121131,21374275,VST3
1037968,13121131,VST3
13121131,22137915,VST3
13121131,20870396,VST3
9756057,13121131,VST3
1769771,13121131,VST3
3108499,13121131,VST3
7460370,22246374,VST3
3024986,3024989,VST3
250595,7460370,VST3
588571,16012363,VST3
1037968,21374275,VST3
20310134,21374275,VST3
17984312,21374275,VST3
6319887,21374275,VST3
21374275,22137915,VST3
14876163,21374275,VST3
15831694,21374275,VST3
21285620,21374275,VST3
978946,21374275,VST3
11066056,21374275,VST3
12728035,21374275,VST3
21374275,21457925,VST3
13396233,21374275,VST3
9756057,21374275,VST3
1769771,21374275,VST3
3108499,21374275,VST3
14711051,17371628,VST3
7669917,16157869,VST3
1037968,20310134,VST3
1037968,17984312,VST3
1037968,6319887,VST3
1037968,14876163,VST3
1037968,15831694,VST3
1037968,20870396,VST3
1037968,21285620,VST3
978946,1037968,VST3
1037968,11066056,VST3
1037968,12728035,VST3
1037968,21457925,VST3
1037968,13396233,VST3
1037968,9756057,VST3
1037968,1769771,VST3
7132185,7460370,VST3
13812091,20898459,VST3
2994947,2994948,VST3
20310134,22137915,VST3
20310134,20870396,VST3
9756057,20310134,VST3
1769771,20310134,VST3
3108499,20310134,VST3
6244937,7460370,VST3
8980221,22410173,VST3
7460370,9693856,VST3
3318214,8489742,VST3
6061403,7460370,VST3
948486,7460370,VST3
1421558,7460370,VST3
4385640,20725036,VST3
4385640,12328424,VST3
4385640,5090669,VST3
3024978,3024981,VST3
23047155,23047157,VST3
17728719,17791385,VST3
5523389,17728719,VST3
13834118,17728719,VST3
3318214,18748516,VST3
14647876,20898459,VST3
6037295,6037296,VST3
17984312,22137915,VST3
17984312,20870396,VST3
9756057,17984312,VST3
1769771,17984312,VST3
3108499,17984312,VST3
7460370,13902981,VST3
4456641,9756366,VST3
4456641,15445861,VST3
14770723,14770729,VST3
21425787,23494305,VST3
10415388,23494305,VST3
1966262,7460370,VST3
7460370,10287986,VST3
18070587,18070589,VST3
7460370,18731109,VST3
13048962,13048963,VST3
7460370,8612648,VST3
7460370,22246375,VST3
2199604,3746824,VST3
3746824,9186582,VST3
7460370,19142736,VST3
7460370,13783899,VST3
7132186,7460370,VST3
7460370,9693857,VST3
14168494,19290859,VST3
9996802,11854456,VST3
6319887,22137915,VST3
6319887,20870396,VST3
6319887,9756057,VST3
1769771,6319887,VST3
3108499,6319887,VST3
14876163,22137915,VST3
15831694,22137915,VST3
20870396,22137915,VST3
21285620,22137915,VST3
978946,22137915,VST3
11066056,22137915,VST3
12728035,22137915,VST3
21457925,22137915,VST3
13396233,22137915,VST3
9756057,22137915,VST3
1769771,22137915,VST3
14876163,20870396,VST3
9756057,14876163,VST3
1769771,14876163,VST3
3108499,14876163,VST3
1824914,10536444,VST3
6244936,7460370,VST3
15831694,20870396,VST3
9756057,15831694,VST3
1769771,15831694,VST3
3108499,15831694,VST3
9499457,19993993,VST3
7460370,13028546,VST3
7460370,18731110,VST3
1966263,7460370,VST3
20870396,21285620,VST3
978946,20870396,VST3
11066056,20870396,VST3
12728035,20870396,VST3
20870396,21457925,VST3
13396233,20870396,VST3
9756057,20870396,VST3
1769771,20870396,VST3
3108499,20870396,VST3
5297820,16098010,VST3
2532321,7460370,VST3
7460370,11319479,VST3
9756057,21285620,VST3
1769771,21285620,VST3
3108499,21285620,VST3
7460370,8778962,VST3
13356869,14899566,VST3
7460370,16388707,VST3
9525318,21425787,VST3
411631,7460370,VST3
978946,9756057,VST3
978946,1769771,VST3
978946,3108499,VST3
8361376,8361377,VST3
20725036,23069799,VST3
12328424,23069799,VST3
5090669,23069799,VST3
7460370,13902980,VST3
7460370,8612647,VST3
10415388,15924093,VST3
8843442,15924093,VST3
5297820,20082006,VST3
4716110,5297820,VST3
5299276,8546232,VST3
7460370,19912848,VST3
4518933,7460370,VST3
2059352,17119760,VST3
2059352,17119759,VST3
7460370,12678588,VST3
21754657,22728534,VST3
18741084,20725036,VST3
12328424,20725036,VST3
17097179,20725036,VST3
3419825,20725036,VST3
20085210,20725036,VST3
7460370,21870536,VST3
19416287,19722336,VST3
9756057,11066056,VST3
1769771,11066056,VST3
3108499,11066056,VST3
18070587,22300980,VST3
7460370,21488869,VST3
2737487,11403723,VST3
12328424,18741084,VST3
5090669,18741084,VST3
12328424,17097179,VST3
5090669,12328424,VST3
3419825,12328424,VST3
12328424,20085210,VST3
14168494,18542300,VST3
17871426,17871427,VST3
7460370,11548510,VST3
2532322,7460370,VST3
7460370,16351776,VST3
8843442,10415388,VST3
4471000,7460370,VST3
7460370,17456565,VST3
7460370,19912847,VST3
4518934,7460370,VST3
7460370,9088422,VST3
7460370,12614305,VST3
7460370,22993367,VST3
7460370,21488868,VST3
948487,7460370,VST3
6061402,7460370,VST3
7460370,8625347,VST3
4471001,7460370,VST3
7460370,22993368,VST3
7460370,9088423,VST3
9756057,12728035,VST3
1769771,12728035,VST3
3108499,12728035,VST3
11854456,14495973,VST3
17076233,23250845,VST3
9756057,21457925,VST3
1769771,21457925,VST3
3108499,21457925,VST3
5090669,17097179,VST3
19416288,19722337,VST3
14168494,17857284,VST3
14129929,14168494,VST3
3419825,5090669,VST3
5090669,20085210,VST3
9756057,13396233,VST3
1769771,13396233,VST3
3108499,13396233,VST3
1769771,9756057,VST3
3108499,9756057,VST3
1769771,3108499,VST3
23677123,23677126,VST3
23677122,23677125,VST3
23677124,23677127,VST3
7228953,14072818,VST3
8452131,19044529,VST3
12499284,16929855,VST3
8452133,19044531,VST3
2021567,2021569,VST3
4166046,13031564,VST3
10937054,11154758,VST3
6023157,12049266,VST3
10447014,10447015,VST3
18378776,19260977,VST3
17630905,17630909,VST3
17630905,17630906,VST3
17630905,17630907,VST3
21273053,21273054,VST3
17630906,17630909,VST3
17630909,17630910,VST3
21273057,21273058,VST3
21273052,21273058,VST3
21273051,21273058,VST3
13696846,20680657,VST3
17630906,17630908,VST3
7635628,8786313,VST3
17630907,17630910,VST3
17630908,17630910,VST3
21273052,21273057,VST3
21273051,21273057,VST3
477320,6480424,VST3
17630907,17630908,VST3
21273051,21273052,VST3
21273055,21273056,VST3
21817955,21817956,VST3
88739,3309468,VST3
3058818,17871426,VST3
18245,61715,VST3
61715,270827,VST3
18245,47561,VST3
47561,270827,VST3
18245,134256,VST3
134256,270827,VST3
18245,136563,VST3
136563,270827,VST3
117094,117095,VST3
18245,86512,VST3
86512,270827,VST3
18245,335710,VST3
18245,274170,VST3
18245,110285,VST3
18245,291039,VST3
18245,335578,VST3
18245,288596,VST3
18245,313605,VST3
18245,305943,VST3
18245,341872,VST3
15041,18245,VST3
18245,75540,VST3
18245,299621,VST3
18245,41643,VST3
18245,164142,VST3
18245,258730,VST3
18245,206478,VST3
18245,68955,VST3
18245,123799,VST3
18245,203505,VST3
18245,238833,VST3
18245,52588,VST3
18245,341244,VST3
18245,25974,VST3
18245,79779,VST3
18245,293080,VST3
18245,206077,VST3
18245,136575,VST3
18245,126365,VST3
18245,289774,VST3
18245,206143,VST3
18245,339507,VST3
18245,169904,VST3
18245,172115,VST3
18245,278544,VST3
18245,189496,VST3
18245,45374,VST3
18245,258138,VST3
270827,335710,VST3
270827,274170,VST3
110285,270827,VST3
61488,61489,VST3
270827,291039,VST3
270827,335578,VST3
270827,288596,VST3
130685,145912,VST3
270827,313605,VST3
270827,305943,VST3
270827,341872,VST3
15041,270827,VST3
75540,270827,VST3
278811,278812,VST3
278810,278812,VST3
270827,299621,VST3
41643,270827,VST3
103227,103256,VST3
164142,270827,VST3
258730,270827,VST3
59329,169126,VST3
206478,270827,VST3
68955,270827,VST3
123799,270827,VST3
203505,270827,VST3
238833,270827,VST3
52588,270827,VST3
270827,341244,VST3
25974,270827,VST3
79779,270827,VST3
270827,293080,VST3
206077,270827,VST3
136575,270827,VST3
126365,270827,VST3
270827,289774,VST3
206143,270827,VST3
270827,339507,VST3
169904,270827,VST3
172115,270827,VST3
270827,278544,VST3
189496,270827,VST3
45374,270827,VST3
258138,270827,VST3
143136,159440,VST3
91897,190877,VST3
41700,249913,VST3
569226,948002,VST3
569226,794567,VST3
166887,569226,VST3
92772,569226,VST3
569226,631025,VST3
569226,615133,VST3
168320,569226,VST3
569226,683983,VST3
385126,569226,VST3
98022,569226,VST3
569226,644662,VST3
569226,649158,VST3
5994,569226,VST3
569226,684308,VST3
52962,569226,VST3
569226,665895,VST3
569226,783855,VST3
569226,733072,VST3
569226,679416,VST3
368166,569226,VST3
569226,826976,VST3
569226,883584,VST3
224200,569226,VST3
471645,569226,VST3
539536,569226,VST3
569226,576881,VST3
569226,691839,VST3
19321,569226,VST3
569226,656124,VST3
569226,761427,VST3
551003,569226,VST3
569226,920875,VST3
128983,569226,VST3
333457,569226,VST3
454472,569226,VST3
569226,893803,VST3
569226,575998,VST3
269877,569226,VST3
337754,569226,VST3
92425,569226,VST3
569226,808353,VST3
569226,606037,VST3
569226,871396,VST3
569226,767236,VST3
569226,574904,VST3
169210,569226,VST3
468058,569226,VST3
121823,241411,VST3
40168,241411,VST3
426226,484449,VST3
484449,698488,VST3
45844,484449,VST3
445966,484449,VST3
661896,661901,VST3
661898,661901,VST3
547325,948002,VST3
891614,948002,VST3
223122,948002,VST3
338353,948002,VST3
442091,948002,VST3
151248,948002,VST3
738785,948002,VST3
389826,948002,VST3
948002,948930,VST3
321738,948002,VST3
329965,948002,VST3
666031,948002,VST3
814913,858025,VST3
635421,792276,VST3
792276,889475,VST3
760909,792276,VST3
22683,873964,VST3
22683,128331,VST3
22683,548510,VST3
547325,794567,VST3
794567,891614,VST3
223122,794567,VST3
338353,794567,VST3
442091,794567,VST3
151248,794567,VST3
738785,794567,VST3
389826,794567,VST3
794567,948930,VST3
321738,794567,VST3
329965,794567,VST3
666031,794567,VST3
15195,77269,VST3
236064,581851,VST3
207747,236064,VST3
166887,547325,VST3
166887,891614,VST3
166887,223122,VST3
166887,338353,VST3
166887,442091,VST3
151248,166887,VST3
166887,738785,VST3
166887,389826,VST3
166887,948930,VST3
166887,321738,VST3
166887,329965,VST3
166887,666031,VST3
661896,661902,VST3
661898,661902,VST3
92772,547325,VST3
92772,891614,VST3
92772,223122,VST3
92772,338353,VST3
92772,442091,VST3
92772,151248,VST3
92772,738785,VST3
92772,389826,VST3
92772,948930,VST3
92772,321738,VST3
92772,329965,VST3
92772,666031,VST3
191352,938122,VST3
547325,631025,VST3
631025,891614,VST3
223122,631025,VST3
338353,631025,VST3
442091,631025,VST3
151248,631025,VST3
631025,738785,VST3
389826,631025,VST3
631025,948930,VST3
321738,631025,VST3
329965,631025,VST3
631025,666031,VST3
426226,882205,VST3
271986,426226,VST3
426226,657116,VST3
635055,801150,VST3
801150,914605,VST3
801150,880167,VST3
801150,858717,VST3
547325,615133,VST3
615133,891614,VST3
223122,615133,VST3
338353,615133,VST3
442091,615133,VST3
151248,615133,VST3
615133,738785,VST3
389826,615133,VST3
615133,948930,VST3
321738,615133,VST3
329965,615133,VST3
615133,666031,VST3
611459,635055,VST3
611459,914605,VST3
611459,880167,VST3
611459,858717,VST3
885619,907602,VST3
459763,907602,VST3
760899,792265,VST3
572340,760899,VST3
753871,760899,VST3
635411,792265,VST3
572340,635411,VST3
635411,753871,VST3
128324,873957,VST3
22676,128324,VST3
128324,280464,VST3
128331,873964,VST3
280471,873964,VST3
548510,873964,VST3
168320,547325,VST3
168320,891614,VST3
168320,223122,VST3
168320,338353,VST3
168320,442091,VST3
151248,168320,VST3
168320,738785,VST3
168320,389826,VST3
168320,948930,VST3
168320,321738,VST3
168320,329965,VST3
168320,666031,VST3
547325,683983,VST3
683983,891614,VST3
223122,683983,VST3
338353,683983,VST3
442091,683983,VST3
151248,683983,VST3
683983,738785,VST3
389826,683983,VST3
683983,948930,VST3
321738,683983,VST3
329965,683983,VST3
666031,683983,VST3
350782,885619,VST3
385126,547325,VST3
385126,891614,VST3
223122,385126,VST3
338353,385126,VST3
385126,442091,VST3
151248,385126,VST3
385126,738785,VST3
385126,389826,VST3
385126,948930,VST3
321738,385126,VST3
329965,385126,VST3
385126,666031,VST3
98022,547325,VST3
98022,891614,VST3
98022,223122,VST3
98022,338353,VST3
98022,442091,VST3
98022,151248,VST3
98022,738785,VST3
98022,389826,VST3
98022,948930,VST3
98022,321738,VST3
98022,329965,VST3
98022,666031,VST3
547325,644662,VST3
644662,891614,VST3
223122,644662,VST3
338353,644662,VST3
442091,644662,VST3
151248,644662,VST3
644662,738785,VST3
389826,644662,VST3
644662,948930,VST3
321738,644662,VST3
329965,644662,VST3
644662,666031,VST3
350782,459763,VST3
128325,873958,VST3
128325,280465,VST3
22677,128325,VST3
121823,890533,VST3
40168,890533,VST3
112088,581851,VST3
792265,889465,VST3
572340,889465,VST3
753871,889465,VST3
547325,649158,VST3
649158,891614,VST3
223122,649158,VST3
338353,649158,VST3
442091,649158,VST3
151248,649158,VST3
649158,738785,VST3
389826,649158,VST3
649158,948930,VST3
321738,649158,VST3
329965,649158,VST3
649158,666031,VST3
539275,635055,VST3
393028,635055,VST3
698488,882205,VST3
45844,882205,VST3
445966,882205,VST3
5994,547325,VST3
5994,891614,VST3
5994,223122,VST3
5994,338353,VST3
5994,442091,VST3
5994,151248,VST3
5994,738785,VST3
5994,389826,VST3
5994,948930,VST3
5994,321738,VST3
5994,329965,VST3
5994,666031,VST3
547325,684308,VST3
684308,891614,VST3
223122,684308,VST3
338353,684308,VST3
442091,684308,VST3
151248,684308,VST3
684308,738785,VST3
389826,684308,VST3
684308,948930,VST3
321738,684308,VST3
329965,684308,VST3
666031,684308,VST3
112088,207747,VST3
52962,547325,VST3
52962,891614,VST3
52962,223122,VST3
52962,338353,VST3
52962,442091,VST3
52962,151248,VST3
52962,738785,VST3
52962,389826,VST3
52962,948930,VST3
52962,321738,VST3
52962,329965,VST3
52962,666031,VST3
419736,565271,VST3
381088,419736,VST3
547325,665895,VST3
665895,891614,VST3
223122,665895,VST3
338353,665895,VST3
442091,665895,VST3
151248,665895,VST3
665895,738785,VST3
389826,665895,VST3
665895,948930,VST3
321738,665895,VST3
329965,665895,VST3
665895,666031,VST3
547325,783855,VST3
547325,733072,VST3
547325,679416,VST3
368166,547325,VST3
547325,826976,VST3
547325,883584,VST3
224200,547325,VST3
471645,547325,VST3
539536,547325,VST3
547325,576881,VST3
547325,691839,VST3
19321,547325,VST3
547325,656124,VST3
547325,761427,VST3
547325,551003,VST3
547325,920875,VST3
128983,547325,VST3
333457,547325,VST3
454472,547325,VST3
547325,893803,VST3
547325,575998,VST3
269877,547325,VST3
337754,547325,VST3
92425,547325,VST3
547325,808353,VST3
547325,606037,VST3
547325,871396,VST3
547325,767236,VST3
547325,574904,VST3
169210,547325,VST3
468058,547325,VST3
783855,891614,VST3
223122,783855,VST3
338353,783855,VST3
442091,783855,VST3
151248,783855,VST3
738785,783855,VST3
389826,783855,VST3
783855,948930,VST3
321738,783855,VST3
329965,783855,VST3
666031,783855,VST3
733072,891614,VST3
223122,733072,VST3
338353,733072,VST3
442091,733072,VST3
151248,733072,VST3
733072,738785,VST3
389826,733072,VST3
733072,948930,VST3
321738,733072,VST3
329965,733072,VST3
666031,733072,VST3
128331,280471,VST3
679416,891614,VST3
223122,679416,VST3
338353,679416,VST3
442091,679416,VST3
151248,679416,VST3
679416,738785,VST3
389826,679416,VST3
679416,948930,VST3
321738,679416,VST3
329965,679416,VST3
666031,679416,VST3
368166,891614,VST3
223122,368166,VST3
338353,368166,VST3
368166,442091,VST3
151248,368166,VST3
368166,738785,VST3
368166,389826,VST3
368166,948930,VST3
321738,368166,VST3
329965,368166,VST3
368166,666031,VST3
280471,548510,VST3
826976,891614,VST3
223122,826976,VST3
338353,826976,VST3
442091,826976,VST3
151248,826976,VST3
738785,826976,VST3
389826,826976,VST3
826976,948930,VST3
321738,826976,VST3
329965,826976,VST3
666031,826976,VST3
539275,914605,VST3
393028,914605,VST3
883584,891614,VST3
223122,883584,VST3
338353,883584,VST3
442091,883584,VST3
151248,883584,VST3
738785,883584,VST3
389826,883584,VST3
883584,948930,VST3
321738,883584,VST3
329965,883584,VST3
666031,883584,VST3
224200,891614,VST3
223122,224200,VST3
224200,338353,VST3
224200,442091,VST3
151248,224200,VST3
224200,738785,VST3
224200,389826,VST3
224200,948930,VST3
224200,321738,VST3
224200,329965,VST3
224200,666031,VST3
539275,880167,VST3
539275,858717,VST3
471645,891614,VST3
223122,471645,VST3
338353,471645,VST3
442091,471645,VST3
151248,471645,VST3
471645,738785,VST3
389826,471645,VST3
471645,948930,VST3
321738,471645,VST3
329965,471645,VST3
471645,666031,VST3
539536,891614,VST3
223122,539536,VST3
338353,539536,VST3
442091,539536,VST3
151248,539536,VST3
539536,738785,VST3
389826,539536,VST3
539536,948930,VST3
321738,539536,VST3
329965,539536,VST3
539536,666031,VST3
576881,891614,VST3
223122,576881,VST3
338353,576881,VST3
442091,576881,VST3
151248,576881,VST3
576881,738785,VST3
389826,576881,VST3
576881,948930,VST3
321738,576881,VST3
329965,576881,VST3
576881,666031,VST3
691839,891614,VST3
19321,891614,VST3
656124,891614,VST3
761427,891614,VST3
551003,891614,VST3
891614,920875,VST3
128983,891614,VST3
333457,891614,VST3
454472,891614,VST3
891614,893803,VST3
575998,891614,VST3
269877,891614,VST3
337754,891614,VST3
92425,891614,VST3
808353,891614,VST3
606037,891614,VST3
871396,891614,VST3
767236,891614,VST3
574904,891614,VST3
169210,891614,VST3
468058,891614,VST3
223122,691839,VST3
338353,691839,VST3
442091,691839,VST3
151248,691839,VST3
691839,738785,VST3
389826,691839,VST3
691839,948930,VST3
321738,691839,VST3
329965,691839,VST3
666031,691839,VST3
19321,223122,VST3
19321,338353,VST3
19321,442091,VST3
19321,151248,VST3
19321,738785,VST3
19321,389826,VST3
19321,948930,VST3
19321,321738,VST3
19321,329965,VST3
19321,666031,VST3
271986,698488,VST3
657116,698488,VST3
635421,753882,VST3
572352,635421,VST3
280465,873958,VST3
548504,873958,VST3
22677,873958,VST3
45844,271986,VST3
271986,445966,VST3
223122,656124,VST3
338353,656124,VST3
442091,656124,VST3
151248,656124,VST3
656124,738785,VST3
389826,656124,VST3
656124,948930,VST3
321738,656124,VST3
329965,656124,VST3
656124,666031,VST3
548503,873957,VST3
753882,889475,VST3
572352,889475,VST3
223122,761427,VST3
223122,551003,VST3
223122,920875,VST3
128983,223122,VST3
223122,333457,VST3
223122,454472,VST3
223122,893803,VST3
223122,575998,VST3
223122,269877,VST3
223122,337754,VST3
92425,223122,VST3
223122,808353,VST3
223122,606037,VST3
223122,871396,VST3
223122,767236,VST3
223122,574904,VST3
169210,223122,VST3
223122,468058,VST3
22676,548503,VST3
338353,761427,VST3
338353,551003,VST3
338353,920875,VST3
128983,338353,VST3
333457,338353,VST3
338353,454472,VST3
338353,893803,VST3
338353,575998,VST3
269877,338353,VST3
337754,338353,VST3
92425,338353,VST3
338353,808353,VST3
338353,606037,VST3
338353,871396,VST3
338353,767236,VST3
338353,574904,VST3
169210,338353,VST3
338353,468058,VST3
341064,612684,VST3
393028,880167,VST3
442091,761427,VST3
151248,761427,VST3
738785,761427,VST3
389826,761427,VST3
761427,948930,VST3
321738,761427,VST3
329965,761427,VST3
666031,761427,VST3
442091,551003,VST3
151248,551003,VST3
551003,738785,VST3
389826,551003,VST3
551003,948930,VST3
321738,551003,VST3
329965,551003,VST3
551003,666031,VST3
442091,920875,VST3
128983,442091,VST3
333457,442091,VST3
442091,454472,VST3
442091,893803,VST3
442091,575998,VST3
269877,442091,VST3
337754,442091,VST3
92425,442091,VST3
442091,808353,VST3
442091,606037,VST3
442091,871396,VST3
442091,767236,VST3
442091,574904,VST3
169210,442091,VST3
442091,468058,VST3
151248,920875,VST3
738785,920875,VST3
389826,920875,VST3
920875,948930,VST3
321738,920875,VST3
329965,920875,VST3
666031,920875,VST3
753882,760909,VST3
128983,151248,VST3
151248,333457,VST3
151248,454472,VST3
151248,893803,VST3
151248,575998,VST3
151248,269877,VST3
151248,337754,VST3
92425,151248,VST3
151248,808353,VST3
151248,606037,VST3
151248,871396,VST3
151248,767236,VST3
151248,574904,VST3
151248,169210,VST3
151248,468058,VST3
128983,738785,VST3
128983,389826,VST3
128983,948930,VST3
128983,321738,VST3
128983,329965,VST3
128983,666031,VST3
45844,657116,VST3
445966,657116,VST3
333457,738785,VST3
333457,389826,VST3
333457,948930,VST3
321738,333457,VST3
329965,333457,VST3
333457,666031,VST3
661896,661900,VST3
280465,548504,VST3
454472,738785,VST3
389826,454472,VST3
454472,948930,VST3
321738,454472,VST3
329965,454472,VST3
454472,666031,VST3
998763,998764,VST3
738785,893803,VST3
389826,893803,VST3
893803,948930,VST3
321738,893803,VST3
329965,893803,VST3
666031,893803,VST3
280464,548503,VST3
572352,760909,VST3
575998,738785,VST3
389826,575998,VST3
575998,948930,VST3
321738,575998,VST3
329965,575998,VST3
575998,666031,VST3
269877,738785,VST3
269877,389826,VST3
269877,948930,VST3
269877,321738,VST3
269877,329965,VST3
269877,666031,VST3
337754,738785,VST3
337754,389826,VST3
337754,948930,VST3
321738,337754,VST3
329965,337754,VST3
337754,666031,VST3
92425,738785,VST3
738785,808353,VST3
606037,738785,VST3
738785,871396,VST3
738785,767236,VST3
574904,738785,VST3
169210,738785,VST3
468058,738785,VST3
92425,389826,VST3
92425,948930,VST3
92425,321738,VST3
92425,329965,VST3
92425,666031,VST3
22677,548504,VST3
389826,808353,VST3
808353,948930,VST3
321738,808353,VST3
329965,808353,VST3
666031,808353,VST3
661898,661900,VST3
389826,606037,VST3
606037,948930,VST3
321738,606037,VST3
329965,606037,VST3
606037,666031,VST3
389826,871396,VST3
871396,948930,VST3
321738,871396,VST3
329965,871396,VST3
666031,871396,VST3
393028,858717,VST3
389826,767236,VST3
389826,574904,VST3
169210,389826,VST3
389826,468058,VST3
767236,948930,VST3
574904,948930,VST3
169210,948930,VST3
468058,948930,VST3
86572,86573,VST3
321738,767236,VST3
321738,574904,VST3
169210,321738,VST3
321738,468058,VST3
329965,767236,VST3
666031,767236,VST3
329965,574904,VST3
574904,666031,VST3
169210,329965,VST3
169210,666031,VST3
329965,468058,VST3
468058,666031,VST3
183041,192715,VST3
192715,205710,VST3
183041,205372,VST3
205372,205710,VST3
46804,183041,VST3
91670,183041,VST3
158889,183041,VST3
46804,205710,VST3
91670,205710,VST3
158889,205710,VST3
147918,205372,VST3
147918,192715,VST3
46804,147918,VST3
91670,147918,VST3
147918,158889,VST3
86878,205372,VST3
86878,192715,VST3
46804,86878,VST3
86878,91670,VST3
86878,158889,VST3
115582,205372,VST3
14846,205372,VST3
14846,192715,VST3
14846,46804,VST3
14846,91670,VST3
14846,158889,VST3
47558,205372,VST3
42892,205372,VST3
115582,192715,VST3
47558,192715,VST3
46804,47558,VST3
47558,91670,VST3
47558,158889,VST3
42892,192715,VST3
42892,46804,VST3
42892,91670,VST3
42892,158889,VST3
49607,120112,VST3
46804,115582,VST3
91670,115582,VST3
115582,158889,VST3
12588265,18170009,VST3
12267275,19164864,VST3
12267275,19045549,VST3
12267275,14772409,VST3
12267275,12363968,VST3
10947776,21509529,VST3
8640120,14489368,VST3
2874892,8640120,VST3
8640120,14779144,VST3
6881493,21509529,VST3
491382,881519,VST3
342729,491382,VST3
491382,491386,VST3
317507,491382,VST3
8595492,20100873,VST3
7726629,20100873,VST3
342725,881519,VST3
342725,342729,VST3
342725,491386,VST3
317507,342725,VST3
317503,881519,VST3
881515,881519,VST3
317503,342729,VST3
317503,491386,VST3
317503,317507,VST3
14772409,19164864,VST3
3031195,13587810,VST3
14772409,19045549,VST3
3038286,21509529,VST3
14926036,15187702,VST3
342729,881515,VST3
491386,881515,VST3
317507,881515,VST3
5194891,14479243,VST3
5194891,5940271,VST3
6317780,11267767,VST3
7726629,8595492,VST3
14618576,21339664,VST3
1906880,15177202,VST3
4725834,20984238,VST3
12363968,14772409,VST3
10240262,10240263,VST3
10240263,10240265,VST3
10240263,10240264,VST3
1065137,19665793,VST3
9192761,9192762,VST3
6414571,7423625,VST3
13356869,14899566,VST3
4337041,6887179,VST3
9061343,9061344,VST3
9750490,22964678,VST3
6991541,16962073,VST3
162674,6991541,VST3
383960,6991541,VST3
11322590,16540468,VST3
11322590,14275594,VST3
112054,236030,VST3
236030,12930950,VST3
581819,862524,VST3
3386501,16540468,VST3
3386501,14275594,VST3
8036424,18334399,VST3
1514108,19331620,VST3
7188626,12451539,VST3
9151012,13148973,VST3
3974030,18721144,VST3
2488455,23677160,VST3
6870106,23677160,VST3
41540,654194,VST3
41540,389153,VST3
41540,45708,VST3
368445,654194,VST3
368445,389153,VST3
45708,368445,VST3
17321013,19293133,VST3
17321013,19966956,VST3
6519458,18934461,VST3
11847415,20203799,VST3
446496,654194,VST3
389153,446496,VST3
45708,446496,VST3
2577012,14163937,VST3
22328284,22328285,VST3
12628208,12777197,VST3
2577011,14163936,VST3
10193805,11273886,VST3
10193807,11273886,VST3
18799599,18799600,VST3
17857162,17857163,VST3
17857163,18690714,VST3
15180724,15180725,VST3
10193805,19849732,VST3
23107697,23107698,VST3
14867797,16335027,VST3
9756188,9756189,VST3
10193807,19849732,VST3
17857162,18690715,VST3
13218990,22953885,VST3
18690714,18690715,VST3
17857162,18690714,VST3
9482317,9482318,VST3
13758065,15106568,VST3
5326918,12479725,VST3
1820410,10337387,VST3
14218340,19792675,VST3
4341739,6426112,VST3
3974032,18721146,VST3
8600663,10169914,VST3
13806215,22701184,VST3
80830,844238,VST3
616054,844238,VST3
17756308,17971488,VST3
19705487,21036139,VST3
144362,144365,VST3
163269,322916,VST3
163269,268305,VST3
21418,144362,VST3
32324,32325,VST3
163269,264361,VST3
163269,404562,VST3
95203,163269,VST3
70168,266271,VST3
379172,414562,VST3
266271,309806,VST3
244113,399345,VST3
128409,244113,VST3
244113,331054,VST3
216897,244113,VST3
121740,309806,VST3
42772,309806,VST3
309806,337404,VST3
123353,309806,VST3
70168,121740,VST3
119969,399345,VST3
42772,70168,VST3
271872,399345,VST3
264361,341478,VST3
196833,264361,VST3
258653,264361,VST3
218044,264361,VST3
264361,322775,VST3
264361,362609,VST3
70168,337404,VST3
322916,341478,VST3
268305,341478,VST3
341478,404562,VST3
95203,341478,VST3
196833,322916,VST3
196833,268305,VST3
196833,404562,VST3
95203,196833,VST3
258653,404562,VST3
95203,258653,VST3
258653,322916,VST3
258653,268305,VST3
70168,123353,VST3
218044,404562,VST3
95203,218044,VST3
218044,322916,VST3
218044,268305,VST3
128409,271872,VST3
271872,331054,VST3
216897,271872,VST3
119969,128409,VST3
21415,21418,VST3
362609,404562,VST3
322775,404562,VST3
95203,322775,VST3
322775,322916,VST3
268305,322775,VST3
21415,144365,VST3
95203,362609,VST3
119969,331054,VST3
119969,216897,VST3
322916,362609,VST3
268305,362609,VST3
15529394,15529395,VST3
415563,422987,VST3
279123,422987,VST3
83240,422987,VST3
86778,507000,VST3
507000,521041,VST3
326623,481408,VST3
135199,326623,VST3
37335,326623,VST3
326623,446098,VST3
230700,326623,VST3
126310,326623,VST3
326623,331718,VST3
326623,514648,VST3
112889,326623,VST3
193628,326623,VST3
259742,326623,VST3
58622,326623,VST3
36317,326623,VST3
423437,507000,VST3
399007,507000,VST3
54677,521041,VST3
54677,399007,VST3
54677,86778,VST3
54677,423437,VST3
492976,521041,VST3
309674,352847,VST3
86778,492976,VST3
399007,492976,VST3
201459,521041,VST3
145878,521041,VST3
423437,492976,VST3
116295,521041,VST3
365032,521041,VST3
241807,521041,VST3
151814,521041,VST3
96238,521041,VST3
216779,521041,VST3
470849,521041,VST3
446510,521041,VST3
79354,521041,VST3
492571,521041,VST3
384407,521041,VST3
23669,521041,VST3
103831,521041,VST3
299793,521041,VST3
92570,521041,VST3
496405,521041,VST3
241801,521041,VST3
43720,521041,VST3
94364,521041,VST3
53056,521041,VST3
242062,521041,VST3
490648,521041,VST3
502010,521041,VST3
243530,521041,VST3
521041,526349,VST3
417534,521041,VST3
314443,521041,VST3
223972,279123,VST3
223972,415563,VST3
232916,521041,VST3
381220,521041,VST3
307607,521041,VST3
83240,223972,VST3
83240,480187,VST3
279123,480187,VST3
415563,480187,VST3
94771,279123,VST3
279123,414753,VST3
279123,509930,VST3
228648,279123,VST3
154976,279123,VST3
279123,305093,VST3
171177,279123,VST3
114901,279123,VST3
63811,279123,VST3
89955,279123,VST3
46272,279123,VST3
153021,279123,VST3
279123,347560,VST3
84478,279123,VST3
37168,279123,VST3
262940,279123,VST3
232673,279123,VST3
119556,279123,VST3
279123,395629,VST3
87704,279123,VST3
279123,405771,VST3
279123,498365,VST3
279123,397193,VST3
100043,279123,VST3
279123,434724,VST3
104601,279123,VST3
254932,279123,VST3
279123,482653,VST3
279123,379677,VST3
279123,478817,VST3
52265,279123,VST3
36494,279123,VST3
279123,367518,VST3
83240,89955,VST3
89955,415563,VST3
86778,492571,VST3
399007,492571,VST3
423437,492571,VST3
228648,415563,VST3
154976,415563,VST3
305093,415563,VST3
94771,415563,VST3
414753,415563,VST3
415563,509930,VST3
171177,415563,VST3
114901,415563,VST3
63811,415563,VST3
46272,415563,VST3
86778,384407,VST3
153021,415563,VST3
347560,415563,VST3
84478,415563,VST3
37168,415563,VST3
262940,415563,VST3
232673,415563,VST3
119556,415563,VST3
395629,415563,VST3
87704,415563,VST3
405771,415563,VST3
415563,498365,VST3
397193,415563,VST3
100043,415563,VST3
415563,434724,VST3
104601,415563,VST3
254932,415563,VST3
415563,482653,VST3
379677,415563,VST3
415563,478817,VST3
52265,415563,VST3
36494,415563,VST3
367518,415563,VST3
384407,399007,VST3
384407,423437,VST3
23669,399007,VST3
23669,86778,VST3
23669,423437,VST3
103831,399007,VST3
86778,103831,VST3
103831,423437,VST3
86778,299793,VST3
299793,399007,VST3
299793,423437,VST3
86778,92570,VST3
92570,423437,VST3
92570,399007,VST3
92759,402461,VST3
83240,228648,VST3
83240,154976,VST3
83240,305093,VST3
86778,496405,VST3
423437,496405,VST3
126310,481408,VST3
112889,481408,VST3
193628,481408,VST3
259742,481408,VST3
399007,496405,VST3
135199,481408,VST3
37335,481408,VST3
83240,171177,VST3
135199,446098,VST3
135199,331718,VST3
135199,230700,VST3
135199,514648,VST3
58622,135199,VST3
36317,135199,VST3
37335,446098,VST3
37335,58622,VST3
36317,37335,VST3
37335,230700,VST3
37335,331718,VST3
37335,514648,VST3
86778,241801,VST3
241801,423437,VST3
241801,399007,VST3
83240,114901,VST3
63811,83240,VST3
43720,86778,VST3
43720,423437,VST3
43720,399007,VST3
94364,399007,VST3
86778,94364,VST3
94364,423437,VST3
53056,423437,VST3
53056,86778,VST3
53056,399007,VST3
46272,83240,VST3
86778,242062,VST3
83240,94771,VST3
83240,414753,VST3
330892,430524,VST3
301749,305258,VST3
83240,509930,VST3
83240,153021,VST3
83240,347560,VST3
83240,84478,VST3
37168,83240,VST3
83240,262940,VST3
83240,232673,VST3
83240,119556,VST3
83240,395629,VST3
83240,87704,VST3
83240,405771,VST3
83240,498365,VST3
83240,397193,VST3
83240,100043,VST3
83240,434724,VST3
83240,104601,VST3
83240,254932,VST3
83240,482653,VST3
83240,379677,VST3
83240,478817,VST3
52265,83240,VST3
36494,83240,VST3
83240,367518,VST3
242062,423437,VST3
242062,399007,VST3
126310,446098,VST3
112889,446098,VST3
193628,446098,VST3
259742,446098,VST3
92759,138582,VST3
301749,302693,VST3
86778,490648,VST3
423437,490648,VST3
399007,490648,VST3
192042,430526,VST3
5260867,20080077,VST3
86778,502010,VST3
399007,502010,VST3
423437,502010,VST3
243530,423437,VST3
86778,243530,VST3
243530,399007,VST3
423437,526349,VST3
86778,526349,VST3
399007,526349,VST3
112889,230700,VST3
193628,230700,VST3
230700,259742,VST3
430526,443406,VST3
126310,230700,VST3
417534,423437,VST3
86778,417534,VST3
399007,417534,VST3
201459,423437,VST3
145878,423437,VST3
365032,423437,VST3
241807,423437,VST3
151814,423437,VST3
96238,423437,VST3
216779,423437,VST3
423437,470849,VST3
423437,446510,VST3
79354,423437,VST3
116295,423437,VST3
314443,423437,VST3
232916,423437,VST3
381220,423437,VST3
307607,423437,VST3
58622,126310,VST3
126310,331718,VST3
126310,514648,VST3
36317,126310,VST3
86778,116295,VST3
116295,399007,VST3
112889,331718,VST3
193628,331718,VST3
18023,92759,VST3
92759,232482,VST3
92759,94113,VST3
259742,331718,VST3
86778,314443,VST3
314443,399007,VST3
86778,201459,VST3
86778,145878,VST3
86778,365032,VST3
86778,241807,VST3
86778,151814,VST3
86778,96238,VST3
86778,216779,VST3
86778,470849,VST3
86778,446510,VST3
79354,86778,VST3
86778,232916,VST3
86778,381220,VST3
86778,307607,VST3
365032,399007,VST3
241807,399007,VST3
96238,399007,VST3
151814,399007,VST3
112889,514648,VST3
193628,514648,VST3
259742,514648,VST3
216779,399007,VST3
399007,470849,VST3
399007,446510,VST3
79354,399007,VST3
232916,399007,VST3
58622,112889,VST3
36317,112889,VST3
58622,193628,VST3
36317,193628,VST3
381220,399007,VST3
58622,259742,VST3
36317,259742,VST3
307607,399007,VST3
201459,399007,VST3
145878,399007,VST3
23247095,23247096,VST3
5718906,20920429,VST3
3974031,18721145,VST3
16900370,18721145,VST3
207715,862524,VST3
13211406,13784783,VST3
13994373,13994374,VST3
1997053,8136030,VST3
1997053,23042124,VST3
12687680,16747689,VST3
7321948,12333360,VST3
10001843,11253113,VST3
12366684,12812159,VST3
9447434,13527825,VST3
3974027,18721141,VST3
10629557,20147451,VST3
1934651,21644142,VST3
10169914,14274304,VST3
1669327,1669328,VST3
1446726,1446727,VST3
4337044,6887182,VST3
80830,616054,VST3
10169914,22125253,VST3
2986318,2986319,VST3
5591166,8050397,VST3
9781389,22655331,VST3
13946914,15297119,VST3
10169914,18550176,VST3
9061341,9061343,VST3
5245205,7320433,VST3
382399,473701,VST3
382399,727971,VST3
112054,12930950,VST3
133344,382399,VST3
382399,807828,VST3
4424629,4424633,VST3
133344,473701,VST3
133344,727971,VST3
2025727,4283741,VST3
4194481,5692357,VST3
5006931,5071239,VST3
1824951,5810121,VST3
897641,5692357,VST3
133344,807828,VST3
4130855,4278807,VST3
525934,5692357,VST3
3830684,5692357,VST3
4715655,5692357,VST3
3974031,16900370,VST3
788380,23088840,VST3
4763468,16102604,VST3
16413923,16413925,VST3
3974026,18721140,VST3
986109,23677220,VST3
17883770,21655926,VST3
15911781,17883770,VST3
11440870,17883770,VST3
13811176,17883770,VST3
2699043,6517610,VST3
6517610,10228159,VST3
13295660,19685462,VST3
1936695,13295660,VST3
10637999,13295660,VST3
6799162,15932545,VST3
539004,21884793,VST3
539004,20603727,VST3
539004,21884747,VST3
539004,5236784,VST3
539004,9346447,VST3
539004,7707971,VST3
539004,15730395,VST3
539004,12849793,VST3
539004,21777343,VST3
539004,2537400,VST3
539004,19560450,VST3
11719424,11719425,VST3
11719424,18306141,VST3
8182888,11719424,VST3
11719424,19214554,VST3
11719424,14313421,VST3
11719424,14321944,VST3
10513108,12877202,VST3
7542627,12877202,VST3
7615037,12877202,VST3
4183835,12877202,VST3
20603727,21884793,VST3
13002069,21884793,VST3
9346447,21884793,VST3
3844626,21884793,VST3
7412290,21884793,VST3
12849793,21884793,VST3
17663965,21884793,VST3
19560450,21884793,VST3
5236784,20603727,VST3
9346447,20603727,VST3
12335351,20603727,VST3
15730395,20603727,VST3
12849793,20603727,VST3
19560450,20603727,VST3
9019939,14499002,VST3
2353890,10496861,VST3
2353890,18234202,VST3
4825983,21655926,VST3
4825983,15911781,VST3
4825983,11440870,VST3
4825983,13811176,VST3
5236784,13002069,VST3
13002069,15730395,VST3
7412290,13002069,VST3
12849793,13002069,VST3
13002069,17663965,VST3
11719425,18306140,VST3
11719425,14313420,VST3
11719425,19214553,VST3
11719425,14321943,VST3
8182887,11719425,VST3
4630756,16536093,VST3
7542627,10513108,VST3
4183835,10513108,VST3
12117054,15973624,VST3
2699043,18712047,VST3
2699043,17468722,VST3
2699043,8317735,VST3
2699043,3324262,VST3
2699043,10228159,VST3
6803828,14819978,VST3
9927331,14819978,VST3
18407593,20780880,VST3
5200772,18407593,VST3
12166051,18407593,VST3
9346447,21884747,VST3
21777343,21884747,VST3
19560450,21884747,VST3
5236784,9346447,VST3
3844626,5236784,VST3
5236784,7412290,VST3
5236784,12849793,VST3
5236784,17663965,VST3
5236784,19560450,VST3
5770152,10547321,VST3
3207328,6799162,VST3
13614426,21655926,VST3
13614426,15911781,VST3
11440870,13614426,VST3
13614426,13811176,VST3
20609903,21655926,VST3
15911781,20609903,VST3
11440870,20609903,VST3
13811176,20609903,VST3
12853768,21404965,VST3
1229100,21655926,VST3
1229100,15911781,VST3
1229100,11440870,VST3
1229100,13811176,VST3
10496861,22713046,VST3
18234202,22713046,VST3
3618819,21655926,VST3
3618819,15911781,VST3
3618819,11440870,VST3
3618819,13811176,VST3
15131771,21655926,VST3
1612068,21655926,VST3
8887818,21655926,VST3
4133428,21655926,VST3
13728120,21655926,VST3
4031802,21655926,VST3
15911781,21655926,VST3
19373644,21655926,VST3
3501324,21655926,VST3
6151193,21655926,VST3
19971357,21655926,VST3
15115902,21655926,VST3
21492113,21655926,VST3
19462844,21655926,VST3
21420091,21655926,VST3
7289717,21655926,VST3
13811176,21655926,VST3
21433001,21655926,VST3
16566113,21655926,VST3
16142436,21655926,VST3
15162110,21655926,VST3
20762045,21655926,VST3
19549852,21655926,VST3
1666041,19685462,VST3
10844851,19685462,VST3
15131771,15911781,VST3
11440870,15131771,VST3
13811176,15131771,VST3
1612068,15911781,VST3
1612068,11440870,VST3
1612068,13811176,VST3
1666041,1936695,VST3
1936695,10844851,VST3
4630756,6409832,VST3
8887818,15911781,VST3
8887818,11440870,VST3
8887818,13811176,VST3
7707971,9346447,VST3
9346447,15730395,VST3
9346447,12849793,VST3
9346447,21777343,VST3
2537400,9346447,VST3
6429432,20830241,VST3
6803828,13402674,VST3
18306140,18306141,VST3
14313420,18306141,VST3
18306141,19214553,VST3
14321943,18306141,VST3
8182887,18306141,VST3
10496861,15197593,VST3
15197593,18234202,VST3
10228159,18712047,VST3
13400152,20543999,VST3
1666041,10637999,VST3
14504867,14598564,VST3
21877022,23539531,VST3
6689657,9019939,VST3
7707971,19560450,VST3
8182888,18306140,VST3
18306140,19214554,VST3
14313421,18306140,VST3
14321944,18306140,VST3
4133428,15911781,VST3
4133428,11440870,VST3
4133428,13811176,VST3
3844626,15730395,VST3
7412290,15730395,VST3
12849793,15730395,VST3
15730395,17663965,VST3
15730395,19560450,VST3
10228159,17468722,VST3
13728120,15911781,VST3
11440870,13728120,VST3
13728120,13811176,VST3
17295771,21069074,VST3
8317735,10228159,VST3
5200772,20780880,VST3
12166051,20780880,VST3
23128,225907,VST3
23128,61633,VST3
8182890,18306143,VST3
18306143,19214556,VST3
14321946,18306143,VST3
10496861,20614174,VST3
10496861,18234202,VST3
10496861,11937399,VST3
4031802,15911781,VST3
4031802,11440870,VST3
4031802,13811176,VST3
18234202,20614174,VST3
11937399,18234202,VST3
15911781,19373644,VST3
3501324,15911781,VST3
6151193,15911781,VST3
15911781,19971357,VST3
11440870,15911781,VST3
15115902,15911781,VST3
15911781,21492113,VST3
15911781,19462844,VST3
15911781,21420091,VST3
7289717,15911781,VST3
13811176,15911781,VST3
15911781,21433001,VST3
15911781,16566113,VST3
15911781,16142436,VST3
15162110,15911781,VST3
15911781,20762045,VST3
15911781,19549852,VST3
8182890,11719427,VST3
11719427,19214556,VST3
11719427,14321946,VST3
9927331,13402674,VST3
11440870,19373644,VST3
13811176,19373644,VST3
10637999,10844851,VST3
8759819,9466324,VST3
3324262,10228159,VST3
3501324,11440870,VST3
3501324,13811176,VST3
8182888,14313420,VST3
8182888,19214553,VST3
8182888,14321943,VST3
8182887,8182888,VST3
225907,767213,VST3
61633,767213,VST3
6151193,11440870,VST3
6151193,13811176,VST3
15102949,18446897,VST3
3844626,7412290,VST3
3844626,12849793,VST3
3844626,17663965,VST3
11440870,19971357,VST3
13811176,19971357,VST3
225907,439935,VST3
61633,439935,VST3
14313420,19214554,VST3
19214553,19214554,VST3
14321943,19214554,VST3
8182887,19214554,VST3
11440870,15115902,VST3
11440870,21492113,VST3
11440870,19462844,VST3
11440870,21420091,VST3
7289717,11440870,VST3
11440870,13811176,VST3
11440870,21433001,VST3
11440870,16566113,VST3
11440870,16142436,VST3
11440870,15162110,VST3
11440870,20762045,VST3
11440870,19549852,VST3
7412290,12849793,VST3
13811176,15115902,VST3
8182890,14313423,VST3
14313420,14313421,VST3
14313420,14321944,VST3
12849793,17663965,VST3
12849793,19560450,VST3
20578109,21877022,VST3
6328532,14731799,VST3
225907,938692,VST3
13811176,21492113,VST3
13811176,19462844,VST3
12590657,20429351,VST3
14313421,19214553,VST3
14313421,14321943,VST3
8182887,14313421,VST3
5224622,23045984,VST3
14313423,19214556,VST3
7542627,7615037,VST3
5200772,12166051,VST3
13811176,21420091,VST3
2537400,21777343,VST3
19560450,21777343,VST3
7289717,13811176,VST3
4183835,7615037,VST3
13811176,21433001,VST3
13811176,16566113,VST3
13811176,16142436,VST3
13811176,15162110,VST3
13811176,20762045,VST3
13811176,19549852,VST3
20476980,23045984,VST3
11491566,14837670,VST3
2537400,19560450,VST3
14313423,14321946,VST3
61633,938692,VST3
14321944,19214553,VST3
14321943,14321944,VST3
8182887,14321944,VST3
10031370,21412295,VST3
10968095,21412295,VST3
8138322,21412295,VST3
6088697,18412513,VST3
6088697,10366826,VST3
6138230,14009710,VST3
2315719,14009710,VST3
9210368,14009710,VST3
7436917,14009710,VST3
7200130,7839340,VST3
2315719,6138230,VST3
2451218,6138230,VST3
2315719,9210368,VST3
2315719,7436917,VST3
2315719,2451218,VST3
2451218,9210368,VST3
2451218,7436917,VST3
9083948,10517812,VST3
938406,1239102,VST3
2316017,2316020,VST3
214349,682404,VST3
13946914,15297119,VST3
1357284,11911260,VST3
11911260,16492546,VST3
2211953,21635647,VST3
859222,1357284,VST3
17175167,21128891,VST3
17175167,21992102,VST3
14531911,17175167,VST3
859222,16492546,VST3
222604,666046,VST3
79581,222604,VST3
60311,222604,VST3
222604,434758,VST3
558348,653681,VST3
653681,3108904,VST3
653681,1982368,VST3
653681,1552000,VST3
653681,2012608,VST3
653681,2233543,VST3
653681,1176194,VST3
653681,3538574,VST3
666046,689699,VST3
79581,689699,VST3
60311,689699,VST3
434758,689699,VST3
558348,3108904,VST3
558348,1982368,VST3
558348,1552000,VST3
558348,1934652,VST3
558348,2012608,VST3
558348,2233543,VST3
558348,1940473,VST3
558348,1799462,VST3
453142,558348,VST3
558348,2759206,VST3
558348,2989245,VST3
322116,558348,VST3
558348,1202104,VST3
558348,1176194,VST3
558348,662161,VST3
558348,1977983,VST3
558348,2641959,VST3
558348,3538574,VST3
1934652,3108904,VST3
2012608,3108904,VST3
1940473,3108904,VST3
1799462,3108904,VST3
453142,3108904,VST3
2759206,3108904,VST3
2989245,3108904,VST3
322116,3108904,VST3
1202104,3108904,VST3
662161,3108904,VST3
1977983,3108904,VST3
2641959,3108904,VST3
1934652,1982368,VST3
1982368,2012608,VST3
1940473,1982368,VST3
1799462,1982368,VST3
453142,1982368,VST3
1982368,2759206,VST3
1982368,2989245,VST3
322116,1982368,VST3
1202104,1982368,VST3
662161,1982368,VST3
1977983,1982368,VST3
1982368,2641959,VST3
1552000,1934652,VST3
1552000,2012608,VST3
1552000,1940473,VST3
1552000,1799462,VST3
453142,1552000,VST3
1552000,2759206,VST3
1552000,2989245,VST3
322116,1552000,VST3
1202104,1552000,VST3
662161,1552000,VST3
1552000,1977983,VST3
1552000,2641959,VST3
400358,666046,VST3
666046,859991,VST3
666046,855132,VST3
666046,833767,VST3
374432,666046,VST3
666046,815304,VST3
662293,666046,VST3
666046,773285,VST3
79581,400358,VST3
60311,400358,VST3
400358,434758,VST3
606247,814503,VST3
107896,606247,VST3
79581,859991,VST3
60311,859991,VST3
434758,859991,VST3
79581,855132,VST3
60311,855132,VST3
434758,855132,VST3
170096,814503,VST3
1934652,2012608,VST3
1934652,2233543,VST3
1176194,1934652,VST3
1934652,3538574,VST3
2012608,2233543,VST3
1940473,2012608,VST3
1799462,2012608,VST3
453142,2012608,VST3
2012608,2759206,VST3
2012608,2989245,VST3
322116,2012608,VST3
1202104,2012608,VST3
1176194,2012608,VST3
662161,2012608,VST3
1977983,2012608,VST3
2012608,2641959,VST3
2012608,3538574,VST3
79581,833767,VST3
60311,833767,VST3
434758,833767,VST3
1940473,2233543,VST3
1799462,2233543,VST3
453142,2233543,VST3
2233543,2759206,VST3
2233543,2989245,VST3
322116,2233543,VST3
1202104,2233543,VST3
662161,2233543,VST3
1977983,2233543,VST3
2233543,2641959,VST3
1672992,1672993,VST3
1176194,1940473,VST3
1940473,3538574,VST3
1176194,1799462,VST3
1799462,3538574,VST3
1058149,1090440,VST3
453142,1176194,VST3
453142,3538574,VST3
1176194,2759206,VST3
2759206,3538574,VST3
1176194,2989245,VST3
2989245,3538574,VST3
322116,1176194,VST3
322116,3538574,VST3
1176194,1202104,VST3
1202104,3538574,VST3
79581,374432,VST3
79581,815304,VST3
79581,662293,VST3
79581,773285,VST3
662161,1176194,VST3
1176194,1977983,VST3
1176194,2641959,VST3
60311,374432,VST3
374432,434758,VST3
107896,170096,VST3
662161,3538574,VST3
60311,815304,VST3
60311,662293,VST3
60311,773285,VST3
1977983,3538574,VST3
2641959,3538574,VST3
434758,815304,VST3
434758,662293,VST3
434758,773285,VST3
1658193,16478537,VST3
6802778,20532737,VST3
20532737,20702461,VST3
14699505,20532737,VST3
9898549,9898550,VST3
9898550,9898551,VST3
9008153,12879689,VST3
4284518,17082610,VST3
17082610,22421984,VST3
8837901,17082610,VST3
13157313,17082610,VST3
12079426,17082610,VST3
17082610,19922498,VST3
14357939,17082610,VST3
5701319,17082610,VST3
17082610,19663005,VST3
4542075,17082610,VST3
4272110,17082610,VST3
8924049,17082610,VST3
1669535,17082610,VST3
8537851,17082610,VST3
3746738,17082610,VST3
13841414,15102194,VST3
9898549,9898551,VST3
2746909,4284518,VST3
4284518,12194043,VST3
4284518,8539991,VST3
4284518,11453370,VST3
2746909,22421984,VST3
2746909,8837901,VST3
2746909,13157313,VST3
2746909,12079426,VST3
2746909,19922498,VST3
2746909,14357939,VST3
2746909,5701319,VST3
2746909,19663005,VST3
2746909,4542075,VST3
2746909,4272110,VST3
2746909,8924049,VST3
1669535,2746909,VST3
2746909,8537851,VST3
2746909,3746738,VST3
12194043,22421984,VST3
8539991,22421984,VST3
11453370,22421984,VST3
8837901,12194043,VST3
8539991,8837901,VST3
8837901,11453370,VST3
9008152,12879688,VST3
3727034,14304659,VST3
14304659,14516637,VST3
12194043,13157313,VST3
8539991,13157313,VST3
11453370,13157313,VST3
12079426,12194043,VST3
8539991,12079426,VST3
11453370,12079426,VST3
12194043,19922498,VST3
8539991,19922498,VST3
11453370,19922498,VST3
12194043,14357939,VST3
8539991,14357939,VST3
11453370,14357939,VST3
9008146,12879684,VST3
14949264,16613733,VST3
2159455,16930547,VST3
16930547,22718442,VST3
16930547,17474862,VST3
15549036,16930547,VST3
3727034,5447536,VST3
5447536,14516637,VST3
5701319,12194043,VST3
5701319,8539991,VST3
5701319,11453370,VST3
12194043,19663005,VST3
8539991,19663005,VST3
11453370,19663005,VST3
4542075,12194043,VST3
4272110,12194043,VST3
8924049,12194043,VST3
1669535,12194043,VST3
8537851,12194043,VST3
3746738,12194043,VST3
4542075,8539991,VST3
4542075,11453370,VST3
2159455,15549036,VST3
4272110,8539991,VST3
8924049,11453370,VST3
4272110,11453370,VST3
8539991,8924049,VST3
8537851,8539991,VST3
3746738,8539991,VST3
1669535,8539991,VST3
15549036,22718442,VST3
15549036,17474862,VST3
1669535,11453370,VST3
8537851,11453370,VST3
3746738,11453370,VST3
2390833,4426355,VST3
3843712,3866598,VST3
77869,792841,VST3
957614,1136066,VST3
730844,1136066,VST3
453443,501547,VST3
669615,1136066,VST3
1136066,1954920,VST3
77869,243809,VST3
77869,846985,VST3
311978,453443,VST3
77869,935588,VST3
38689,77869,VST3
77869,443521,VST3
362411,453443,VST3
453443,488477,VST3
453443,580965,VST3
414323,453443,VST3
232887,453443,VST3
453443,570699,VST3
264408,453443,VST3
453443,627810,VST3
93447,453443,VST3
271634,453443,VST3
453443,831471,VST3
453443,557546,VST3
335919,453443,VST3
380998,453443,VST3
361635,453443,VST3
1753732,1753734,VST3
1753733,1753734,VST3
38445,362411,VST3
362411,420464,VST3
968362,968372,VST3
968361,968362,VST3
362411,864211,VST3
362411,488477,VST3
282653,362411,VST3
264408,362411,VST3
362411,774117,VST3
362411,741486,VST3
362411,719027,VST3
362411,580965,VST3
362411,414323,VST3
232887,362411,VST3
362411,380998,VST3
361635,362411,VST3
488477,774117,VST3
311978,488477,VST3
420464,488477,VST3
362411,557546,VST3
362411,716975,VST3
362411,427711,VST3
93447,362411,VST3
35511,362411,VST3
282653,488477,VST3
488477,501547,VST3
38445,488477,VST3
488477,741486,VST3
488477,719027,VST3
35511,488477,VST3
488477,570699,VST3
488477,864211,VST3
488477,627810,VST3
271634,488477,VST3
488477,831471,VST3
488477,716975,VST3
427711,488477,VST3
335919,488477,VST3
282653,501547,VST3
264408,282653,VST3
282653,311978,VST3
282653,580965,VST3
282653,414323,VST3
232887,282653,VST3
282653,570699,VST3
282653,627810,VST3
271634,282653,VST3
282653,831471,VST3
282653,557546,VST3
93447,282653,VST3
282653,335919,VST3
282653,380998,VST3
282653,361635,VST3
29780,2752084,VST3
839657,2752084,VST3
858618,2752084,VST3
38445,93447,VST3
420464,501547,VST3
501547,741486,VST3
38445,501547,VST3
264408,501547,VST3
501547,774117,VST3
501547,719027,VST3
501547,580965,VST3
414323,501547,VST3
232887,501547,VST3
380998,501547,VST3
361635,501547,VST3
501547,864211,VST3
38445,311978,VST3
501547,557546,VST3
501547,716975,VST3
427711,501547,VST3
93447,501547,VST3
35511,501547,VST3
38445,580965,VST3
38445,414323,VST3
38445,232887,VST3
38445,570699,VST3
38445,264408,VST3
38445,627810,VST3
38445,271634,VST3
38445,831471,VST3
38445,557546,VST3
38445,335919,VST3
38445,380998,VST3
38445,361635,VST3
1008440,1008441,VST3
957614,999127,VST3
730844,999127,VST3
264408,570699,VST3
669615,999127,VST3
999127,1954920,VST3
264408,774117,VST3
264408,311978,VST3
264408,420464,VST3
264408,741486,VST3
264408,719027,VST3
35511,264408,VST3
264408,864211,VST3
264408,627810,VST3
264408,271634,VST3
264408,831471,VST3
264408,716975,VST3
264408,427711,VST3
243809,897854,VST3
264408,335919,VST3
1753732,1753735,VST3
243809,745207,VST3
243809,492186,VST3
957614,2874199,VST3
730844,2874199,VST3
669615,2874199,VST3
1954920,2874199,VST3
311978,774117,VST3
93447,774117,VST3
580965,774117,VST3
414323,774117,VST3
232887,774117,VST3
570699,774117,VST3
627810,774117,VST3
271634,774117,VST3
774117,831471,VST3
557546,774117,VST3
420464,580965,VST3
414323,420464,VST3
232887,420464,VST3
335919,774117,VST3
380998,774117,VST3
361635,774117,VST3
311978,420464,VST3
311978,741486,VST3
311978,719027,VST3
311978,580965,VST3
311978,414323,VST3
232887,311978,VST3
311978,380998,VST3
311978,361635,VST3
311978,864211,VST3
311978,557546,VST3
311978,716975,VST3
311978,427711,VST3
93447,311978,VST3
35511,311978,VST3
957614,2920425,VST3
730844,957614,VST3
957614,1715797,VST3
957614,1142010,VST3
957614,1205414,VST3
957614,1037736,VST3
366700,957614,VST3
669615,957614,VST3
957614,1990444,VST3
957614,1954920,VST3
93447,420464,VST3
420464,570699,VST3
420464,627810,VST3
271634,420464,VST3
420464,831471,VST3
420464,557546,VST3
93447,741486,VST3
335919,420464,VST3
380998,420464,VST3
361635,420464,VST3
580965,741486,VST3
414323,741486,VST3
232887,741486,VST3
570699,741486,VST3
1954920,2920425,VST3
627810,741486,VST3
271634,741486,VST3
741486,831471,VST3
557546,741486,VST3
745207,792841,VST3
730844,1990444,VST3
730844,1954920,VST3
335919,741486,VST3
380998,741486,VST3
361635,741486,VST3
323202,688593,VST3
730844,2920425,VST3
669615,2920425,VST3
745207,846985,VST3
745207,935588,VST3
38689,745207,VST3
443521,745207,VST3
1715797,1954920,VST3
627810,719027,VST3
271634,719027,VST3
730844,1715797,VST3
730844,1142010,VST3
730844,1205414,VST3
730844,1037736,VST3
366700,730844,VST3
669615,1715797,VST3
580965,719027,VST3
414323,719027,VST3
232887,719027,VST3
570699,719027,VST3
719027,831471,VST3
557546,719027,VST3
570699,580965,VST3
93447,719027,VST3
335919,719027,VST3
380998,719027,VST3
361635,719027,VST3
492186,846985,VST3
846985,897854,VST3
35511,580965,VST3
580965,864211,VST3
580965,627810,VST3
271634,580965,VST3
580965,831471,VST3
580965,716975,VST3
427711,580965,VST3
335919,580965,VST3
35511,414323,VST3
414323,570699,VST3
414323,864211,VST3
414323,627810,VST3
271634,414323,VST3
414323,831471,VST3
414323,716975,VST3
414323,427711,VST3
335919,414323,VST3
35511,232887,VST3
380998,570699,VST3
361635,570699,VST3
232887,570699,VST3
232887,864211,VST3
232887,627810,VST3
232887,271634,VST3
232887,831471,VST3
232887,716975,VST3
232887,427711,VST3
232887,335919,VST3
570699,864211,VST3
557546,570699,VST3
570699,716975,VST3
427711,570699,VST3
93447,570699,VST3
35511,570699,VST3
131720,780954,VST3
93447,864211,VST3
669615,1142010,VST3
1142010,1954920,VST3
627810,864211,VST3
271634,864211,VST3
831471,864211,VST3
557546,864211,VST3
335919,864211,VST3
380998,864211,VST3
361635,864211,VST3
380998,627810,VST3
361635,627810,VST3
271634,380998,VST3
271634,361635,VST3
557546,627810,VST3
627810,716975,VST3
427711,627810,VST3
93447,627810,VST3
35511,627810,VST3
271634,557546,VST3
271634,716975,VST3
271634,427711,VST3
93447,271634,VST3
35511,271634,VST3
2857705,2857706,VST3
492186,792841,VST3
492186,935588,VST3
38689,492186,VST3
443521,492186,VST3
792841,897854,VST3
1205414,1954920,VST3
669615,1205414,VST3
1753733,1753735,VST3
897854,935588,VST3
38689,897854,VST3
443521,897854,VST3
669615,1037736,VST3
380998,831471,VST3
361635,831471,VST3
1037736,1954920,VST3
366700,1954920,VST3
366700,669615,VST3
169723,411047,VST3
389637,411047,VST3
251247,411047,VST3
557546,831471,VST3
716975,831471,VST3
427711,831471,VST3
93447,831471,VST3
35511,831471,VST3
557546,716975,VST3
427711,557546,VST3
35511,557546,VST3
335919,557546,VST3
93447,716975,VST3
335919,716975,VST3
380998,716975,VST3
361635,716975,VST3
669615,1990444,VST3
669615,1954920,VST3
1954920,1990444,VST3
169723,879711,VST3
389637,879711,VST3
251247,879711,VST3
93447,427711,VST3
335919,427711,VST3
380998,427711,VST3
361635,427711,VST3
35511,93447,VST3
93447,335919,VST3
35511,335919,VST3
35511,380998,VST3
35511,361635,VST3
335919,380998,VST3
335919,361635,VST3
25839,93570,VST3
25839,68708,VST3
25839,472846,VST3
25839,173394,VST3
25839,331443,VST3
25839,302290,VST3
25839,354236,VST3
25839,365522,VST3
25839,416330,VST3
114729,161950,VST3
106543,117262,VST3
161950,281031,VST3
161821,161950,VST3
46777,161950,VST3
161950,385827,VST3
161950,264470,VST3
161950,280232,VST3
161950,346193,VST3
91501,161950,VST3
161950,351827,VST3
161950,377523,VST3
117262,344723,VST3
117262,475617,VST3
93570,162106,VST3
93570,326712,VST3
93570,320201,VST3
86170,93570,VST3
93570,273486,VST3
93570,441330,VST3
93570,495573,VST3
93570,215420,VST3
93570,307952,VST3
83588,93570,VST3
93570,108086,VST3
93570,412224,VST3
10942,117262,VST3
162106,416330,VST3
39261,93570,VST3
49244,93570,VST3
93570,201328,VST3
93570,116383,VST3
93570,280742,VST3
56285,93570,VST3
93570,385270,VST3
39261,416330,VST3
49244,68708,VST3
68708,201328,VST3
68708,116383,VST3
68708,280742,VST3
56285,68708,VST3
39261,68708,VST3
39261,472846,VST3
39261,173394,VST3
39261,331443,VST3
39261,354236,VST3
39261,365522,VST3
68708,307952,VST3
68708,83588,VST3
162106,331443,VST3
162106,354236,VST3
162106,365522,VST3
39261,302290,VST3
29754,330854,VST3
68708,162106,VST3
68708,326712,VST3
68708,320201,VST3
68708,86170,VST3
68708,273486,VST3
68708,441330,VST3
68708,495573,VST3
68708,215420,VST3
68708,108086,VST3
68708,412224,VST3
68708,385270,VST3
162106,472846,VST3
162106,173394,VST3
162106,302290,VST3
125344,281031,VST3
326712,441330,VST3
326712,354236,VST3
326712,365522,VST3
125344,161821,VST3
326712,472846,VST3
173394,326712,VST3
302290,326712,VST3
86475,104105,VST3
46777,125344,VST3
86475,477397,VST3
344723,455160,VST3
106543,455160,VST3
10942,455160,VST3
455160,475617,VST3
320201,472846,VST3
173394,320201,VST3
474165,497400,VST3
320201,416330,VST3
302290,320201,VST3
320201,331443,VST3
320201,354236,VST3
320201,365522,VST3
86170,354236,VST3
86170,365522,VST3
104105,171256,VST3
86170,441330,VST3
86170,472846,VST3
86170,173394,VST3
104105,113860,VST3
86170,302290,VST3
113860,477397,VST3
171256,477397,VST3
402589,477397,VST3
327933,477397,VST3
166017,477397,VST3
150662,477397,VST3
273486,472846,VST3
173394,273486,VST3
273486,416330,VST3
273486,302290,VST3
273486,331443,VST3
273486,354236,VST3
273486,365522,VST3
335371,341663,VST3
246521,341663,VST3
341663,389117,VST3
441330,472846,VST3
173394,441330,VST3
307952,441330,VST3
412224,441330,VST3
354236,441330,VST3
365522,441330,VST3
49244,441330,VST3
201328,441330,VST3
280742,441330,VST3
302290,441330,VST3
104105,402589,VST3
125344,385827,VST3
331443,495573,VST3
354236,495573,VST3
365522,495573,VST3
416330,495573,VST3
472846,495573,VST3
173394,495573,VST3
302290,495573,VST3
149979,155583,VST3
215420,416330,VST3
215420,472846,VST3
173394,215420,VST3
215420,302290,VST3
215420,331443,VST3
215420,354236,VST3
215420,365522,VST3
143814,475617,VST3
108007,475617,VST3
10942,108007,VST3
19790,475617,VST3
108007,344723,VST3
104105,327933,VST3
406389,475617,VST3
106543,108007,VST3
125344,264470,VST3
114729,125344,VST3
125344,280232,VST3
125344,346193,VST3
91501,125344,VST3
125344,351827,VST3
125344,377523,VST3
104105,166017,VST3
104105,150662,VST3
307952,472846,VST3
83588,472846,VST3
108086,472846,VST3
412224,472846,VST3
49244,173394,VST3
173394,201328,VST3
116383,173394,VST3
173394,280742,VST3
49244,472846,VST3
201328,472846,VST3
116383,472846,VST3
280742,472846,VST3
56285,472846,VST3
385270,472846,VST3
173394,307952,VST3
83588,173394,VST3
108086,173394,VST3
173394,412224,VST3
56285,173394,VST3
173394,385270,VST3
106543,143814,VST3
19790,106543,VST3
106543,406389,VST3
10942,143814,VST3
74981,335371,VST3
143814,344723,VST3
307952,354236,VST3
307952,365522,VST3
83588,302290,VST3
302290,307952,VST3
83588,416330,VST3
19790,344723,VST3
83588,331443,VST3
83588,354236,VST3
83588,365522,VST3
10942,19790,VST3
108086,416330,VST3
116383,331443,VST3
108086,331443,VST3
108086,354236,VST3
108086,365522,VST3
108086,302290,VST3
354236,412224,VST3
365522,412224,VST3
302290,412224,VST3
74981,246521,VST3
10942,406389,VST3
331443,385270,VST3
49244,354236,VST3
201328,354236,VST3
116383,354236,VST3
280742,354236,VST3
56285,354236,VST3
50634,149979,VST3
56285,331443,VST3
354236,385270,VST3
74981,389117,VST3
49244,365522,VST3
201328,365522,VST3
116383,365522,VST3
280742,365522,VST3
56285,365522,VST3
365522,385270,VST3
49244,302290,VST3
201328,302290,VST3
116383,302290,VST3
116383,416330,VST3
56285,416330,VST3
280742,302290,VST3
67714,149979,VST3
56285,302290,VST3
457827,497400,VST3
385270,416330,VST3
302290,385270,VST3
344723,406389,VST3
10211034,14689219,VST3
4106018,4106019,VST3
12034340,18516553,VST3
6944319,21238881,VST3
4106017,4106021,VST3
14530060,21715632,VST3
13322784,13648325,VST3
12034341,18516554,VST3
7727384,13322784,VST3
4106020,4106021,VST3
6109628,20361756,VST3
2645433,6109628,VST3
11242896,14493110,VST3
11242896,16871519,VST3
11018399,18826512,VST3
13068087,21730634,VST3
14493110,16871519,VST3
4742891,14493110,VST3
8071084,8071085,VST3
6792396,6792397,VST3
4742891,16871519,VST3
2154316,23474520,VST3
5628435,7929226,VST3
3626532,7077816,VST3
4355282,7077816,VST3
5628435,6361638,VST3
5706851,6361638,VST3
2545752,6361638,VST3
6361638,7929226,VST3
6037295,6037296,VST3
2753679,8604066,VST3
5062311,8604066,VST3
3291256,6873267,VST3
3109015,3109016,VST3
5628435,5706851,VST3
7976873,7978728,VST3
2545752,5706851,VST3
5706851,7929226,VST3
6182216,7976873,VST3
2545752,7929226,VST3
22328847,22328850,VST3
22328847,22328848,VST3
4961134,4961136,VST3
1831676,20306674,VST3
16085713,20306674,VST3
20306674,22366636,VST3
19147275,21224972,VST3
21224972,23402237,VST3
19947818,21224972,VST3
3495456,21224972,VST3
19947814,21224972,VST3
21224967,21224972,VST3
19147279,21224972,VST3
14050303,14050307,VST3
3026763,3026764,VST3
3026763,21186037,VST3
3026763,12469140,VST3
3026763,16511008,VST3
3026763,21438069,VST3
3026763,15431561,VST3
20696808,20696810,VST3
20696808,20696809,VST3
20696808,20696811,VST3
1760353,1760354,VST3
1760350,1760353,VST3
1760351,1760353,VST3
1760352,1760353,VST3
10252057,18942519,VST3
3352342,23022778,VST3
19875962,19875963,VST3
4932279,22242021,VST3
8561723,19147275,VST3
8561723,23402237,VST3
3495456,8561723,VST3
8561723,19947814,VST3
8561723,21224967,VST3
1831676,16085713,VST3
1831676,4921631,VST3
323592,384844,VST3
3026764,21186037,VST3
3026764,12469140,VST3
3026764,16511008,VST3
1543361,3026764,VST3
3026764,21438069,VST3
3026764,15431561,VST3
1111832,10968489,VST3
1760354,1760355,VST3
10252056,18942518,VST3
384844,779185,VST3
22328842,22328845,VST3
6371599,6371601,VST3
1543362,21186038,VST3
1543362,12469140,VST3
1543362,12469141,VST3
1543362,16511009,VST3
1543362,3026765,VST3
1543362,21438070,VST3
1543362,15431560,VST3
1543362,3449616,VST3
4794470,17577733,VST3
5505334,5505336,VST3
5505335,5505336,VST3
1607809,1607810,VST3
20696809,20696810,VST3
20696810,20696811,VST3
12469140,21186038,VST3
16511009,21186038,VST3
3026765,21186038,VST3
21186038,21438070,VST3
15431560,21186038,VST3
3449616,21186038,VST3
1760350,1760355,VST3
1760351,1760355,VST3
1760352,1760355,VST3
11840277,17472701,VST3
5021571,19984804,VST3
19147275,23402244,VST3
19147275,19947814,VST3
19147275,19147279,VST3
1607807,1607809,VST3
2943254,6747986,VST3
20696809,20696811,VST3
12469140,21186037,VST3
16511008,21186037,VST3
1543361,21186037,VST3
21186037,21438069,VST3
15431561,21186037,VST3
23402237,23402244,VST3
19947814,23402237,VST3
19147279,23402237,VST3
12469140,16511008,VST3
12469140,12469141,VST3
12469140,21438069,VST3
12469140,15431561,VST3
6371592,6371607,VST3
8561735,19147300,VST3
8561732,19147300,VST3
3495460,19147300,VST3
8561731,19147300,VST3
19147300,23402240,VST3
19147293,19147300,VST3
16511008,21438069,VST3
15431561,16511008,VST3
14093043,14093045,VST3
14093044,14093045,VST3
6644760,21571495,VST3
6644756,21571495,VST3
12469141,16511009,VST3
3026765,12469141,VST3
12469141,21438070,VST3
12469141,15431560,VST3
3449616,12469141,VST3
8561735,23402248,VST3
8561735,19147301,VST3
8561732,8561735,VST3
3495460,8561735,VST3
8561735,19147296,VST3
8561731,8561735,VST3
8561735,19147297,VST3
8561735,19147293,VST3
8561732,23402248,VST3
3495460,23402248,VST3
8561731,23402248,VST3
23402240,23402248,VST3
19147293,23402248,VST3
8561732,19147301,VST3
3495460,19147301,VST3
8561731,19147301,VST3
19147301,23402240,VST3
19147293,19147301,VST3
8400507,21531069,VST3
1543361,21438069,VST3
3026765,16511009,VST3
3449616,16511009,VST3
1655162,1655163,VST3
384844,541185,VST3
3495460,8561732,VST3
8561732,19147296,VST3
8561731,8561732,VST3
8561732,19147297,VST3
8561732,23402240,VST3
8561732,19147293,VST3
1313409,1675976,VST3
1675976,10329098,VST3
10115624,19984804,VST3
3495460,19147296,VST3
3495460,8561731,VST3
3495460,19147297,VST3
3495460,23402240,VST3
3495460,19147293,VST3
3026765,21438070,VST3
3026765,15431560,VST3
3026765,3449616,VST3
3449616,21438070,VST3
3449616,15431560,VST3
19267855,19267856,VST3
19947818,23402244,VST3
19947814,19947818,VST3
19147279,19947818,VST3
17773263,19824066,VST3
384844,789472,VST3
384844,580527,VST3
15431561,21438069,VST3
1293656,1293657,VST3
8561731,19147296,VST3
19147296,23402240,VST3
19147293,19147296,VST3
20955452,20955454,VST3
113681,384844,VST3
1362130,1362134,VST3
3495456,23402244,VST3
19947814,23402244,VST3
21224967,23402244,VST3
19147279,23402244,VST3
16085713,22366636,VST3
8561731,19147297,VST3
8561731,23402240,VST3
19147297,23402240,VST3
19147293,19147297,VST3
384844,864227,VST3
4921631,22366636,VST3
6644756,6644760,VST3
10252056,20559734,VST3
3495456,19947814,VST3
3495456,19147279,VST3
4961125,4961126,VST3
4961126,8912113,VST3
17083702,17083703,VST3
2870670,8328527,VST3
384844,727437,VST3
10252057,20559735,VST3
19947814,21224967,VST3
19147279,19947814,VST3
5505334,5505335,VST3
1638505,17337238,VST3
22328842,22328843,VST3
7259526,12731597,VST3
384844,598483,VST3
384844,401685,VST3
223969,384844,VST3
9096315,9096316,VST3
19147279,21224967,VST3
19147293,23402240,VST3
4932279,20536502,VST3
4673959,4673960,VST3
5456371,7902686,VST3
15311521,15311523,VST3
15311522,15311523,VST3
15211815,21905202,VST3
2705336,21461878,VST3
7542014,7542015,VST3
13480108,13879984,VST3
21821404,22249465,VST3
6890417,7275980,VST3
12039035,12039036,VST3
6374427,6374428,VST3
6533214,8831301,VST3
7802218,20453777,VST3
15292162,20453777,VST3
15311521,15311522,VST3
6829523,6829524,VST3
7409664,19036213,VST3
6533214,20888980,VST3
12039034,12039036,VST3
4620646,4620648,VST3
6420655,7409664,VST3
7663603,14386499,VST3
7663603,7761195,VST3
7663603,21996068,VST3
7663603,22911141,VST3
7663603,14849002,VST3
7663603,10318835,VST3
3362080,7663603,VST3
7663603,9013668,VST3
7663603,19782619,VST3
2279291,7663603,VST3
7663603,14053882,VST3
7663603,10178931,VST3
7663603,10350952,VST3
14996759,17201462,VST3
9996334,22530929,VST3
5976298,13206754,VST3
14288306,17068090,VST3
8678081,17068090,VST3
11796920,20004216,VST3
14823836,14915965,VST3
1023289,3386551,VST3
5084569,13901037,VST3
7761195,14386499,VST3
14386499,22911141,VST3
10318835,14386499,VST3
9013668,14386499,VST3
2279291,14386499,VST3
10178931,14386499,VST3
15166511,17787699,VST3
12744653,15166511,VST3
10272772,15166511,VST3
15166511,19388622,VST3
13020691,15166511,VST3
15166511,20815980,VST3
9487010,15166511,VST3
7948308,15166511,VST3
10589735,15166511,VST3
10293577,15166511,VST3
10425169,15166511,VST3
3532296,11419588,VST3
3883870,11419588,VST3
5767800,11419588,VST3
11419588,16966539,VST3
9150851,12408144,VST3
17514598,23179136,VST3
12822637,23179136,VST3
17787699,22312282,VST3
12744653,22312282,VST3
10272772,22312282,VST3
19388622,22312282,VST3
13020691,22312282,VST3
20815980,22312282,VST3
9487010,22312282,VST3
7948308,22312282,VST3
10589735,22312282,VST3
10293577,22312282,VST3
10425169,22312282,VST3
15260218,20592334,VST3
11968328,23290018,VST3
15500892,17787699,VST3
16385631,17787699,VST3
6788258,17787699,VST3
2533570,17787699,VST3
17787699,19474501,VST3
4764618,17787699,VST3
17787699,23465746,VST3
12973065,17787699,VST3
17787699,23161545,VST3
17224030,17787699,VST3
6155833,17787699,VST3
6983973,17787699,VST3
13974204,17787699,VST3
6729311,17787699,VST3
17787699,20378673,VST3
13020691,17787699,VST3
8024375,17787699,VST3
17787699,20815980,VST3
3516106,17787699,VST3
9487010,17787699,VST3
8769373,17787699,VST3
7948308,17787699,VST3
15972030,17787699,VST3
2490462,17787699,VST3
14887616,17787699,VST3
11997195,17787699,VST3
1884023,17787699,VST3
10589735,17787699,VST3
9568958,17787699,VST3
10293577,17787699,VST3
6795580,17787699,VST3
10298747,17787699,VST3
17787699,23243320,VST3
7235121,20584513,VST3
10871260,20584513,VST3
17805384,20584513,VST3
13206754,18820148,VST3
13206754,20418573,VST3
13206754,13569337,VST3
13206754,13949581,VST3
12744653,15500892,VST3
10272772,15500892,VST3
15500892,19388622,VST3
13020691,15500892,VST3
15500892,20815980,VST3
9487010,15500892,VST3
7948308,15500892,VST3
10589735,15500892,VST3
10293577,15500892,VST3
10425169,15500892,VST3
12744653,16385631,VST3
10272772,16385631,VST3
16385631,19388622,VST3
13020691,16385631,VST3
16385631,20815980,VST3
9487010,16385631,VST3
7948308,16385631,VST3
10589735,16385631,VST3
10293577,16385631,VST3
10425169,16385631,VST3
6788258,12744653,VST3
6788258,10272772,VST3
6788258,19388622,VST3
6788258,13020691,VST3
6788258,20815980,VST3
6788258,9487010,VST3
6788258,7948308,VST3
6788258,10589735,VST3
6788258,10293577,VST3
6788258,10425169,VST3
17557889,23118425,VST3
5373841,15629443,VST3
6863593,22284204,VST3
6382620,18820148,VST3
18820148,22098632,VST3
13949581,18820148,VST3
2533570,12744653,VST3
2533570,10272772,VST3
2533570,19388622,VST3
2533570,13020691,VST3
2533570,20815980,VST3
2533570,9487010,VST3
2533570,7948308,VST3
2533570,10589735,VST3
2533570,10293577,VST3
2533570,10425169,VST3
6382620,20418573,VST3
20418573,22098632,VST3
13949581,20418573,VST3
6382620,22098632,VST3
6382620,13569337,VST3
12744653,19474501,VST3
10272772,19474501,VST3
19388622,19474501,VST3
13020691,19474501,VST3
19474501,20815980,VST3
9487010,19474501,VST3
7948308,19474501,VST3
10589735,19474501,VST3
10293577,19474501,VST3
10425169,19474501,VST3
4317626,15917727,VST3
13569337,22098632,VST3
14333733,21985466,VST3
16063533,21985466,VST3
3532296,5767800,VST3
10214218,15088608,VST3
5017376,5017378,VST3
5017376,5017377,VST3
1914865,14928023,VST3
5317659,11046598,VST3
11650020,14288306,VST3
8678081,11650020,VST3
9446690,15085673,VST3
4710436,9446690,VST3
5537138,5537139,VST3
12296632,12577738,VST3
6387775,13822269,VST3
2913081,12876684,VST3
12202844,12876684,VST3
4764618,12744653,VST3
4764618,10272772,VST3
4764618,19388622,VST3
4764618,13020691,VST3
4764618,20815980,VST3
4764618,9487010,VST3
4764618,7948308,VST3
4764618,10589735,VST3
4764618,10293577,VST3
4764618,10425169,VST3
1415765,23290018,VST3
15202804,15202805,VST3
2544868,15912858,VST3
2440033,10072636,VST3
13792092,18028121,VST3
1914865,19693671,VST3
6322468,9191794,VST3
3357568,6322468,VST3
2593325,10142186,VST3
5665159,10142186,VST3
14175531,14175532,VST3
3772396,22271847,VST3
20177224,22271847,VST3
12744653,23465746,VST3
10272772,23465746,VST3
19388622,23465746,VST3
13020691,23465746,VST3
20815980,23465746,VST3
9487010,23465746,VST3
7948308,23465746,VST3
10589735,23465746,VST3
10293577,23465746,VST3
10425169,23465746,VST3
12744653,12973065,VST3
12744653,23161545,VST3
12744653,17224030,VST3
6155833,12744653,VST3
12744653,14091098,VST3
6983973,12744653,VST3
12744653,13974204,VST3
6729311,12744653,VST3
12744653,20378673,VST3
8024375,12744653,VST3
3516106,12744653,VST3
8769373,12744653,VST3
12744653,15972030,VST3
2490462,12744653,VST3
12744653,14887616,VST3
11997195,12744653,VST3
1884023,12744653,VST3
9568958,12744653,VST3
6795580,12744653,VST3
10298747,12744653,VST3
12744653,23243320,VST3
8211013,9796809,VST3
10272772,12973065,VST3
12973065,19388622,VST3
12973065,13020691,VST3
12973065,20815980,VST3
9487010,12973065,VST3
7948308,12973065,VST3
10589735,12973065,VST3
10293577,12973065,VST3
10425169,12973065,VST3
10272772,23161545,VST3
10272772,17224030,VST3
6155833,10272772,VST3
10272772,14091098,VST3
6983973,10272772,VST3
10272772,13974204,VST3
6729311,10272772,VST3
10272772,20378673,VST3
8024375,10272772,VST3
3516106,10272772,VST3
8769373,10272772,VST3
10272772,15972030,VST3
2490462,10272772,VST3
10272772,14887616,VST3
10272772,11997195,VST3
1884023,10272772,VST3
9568958,10272772,VST3
6795580,10272772,VST3
10272772,10298747,VST3
10272772,23243320,VST3
1042184,10277959,VST3
3567576,8969949,VST3
978930,7421563,VST3
1042184,13653638,VST3
17201462,20591617,VST3
7761195,21996068,VST3
7761195,22911141,VST3
7761195,14849002,VST3
3362080,7761195,VST3
7761195,19782619,VST3
7761195,14053882,VST3
7761195,10350952,VST3
19388622,23161545,VST3
13020691,23161545,VST3
20815980,23161545,VST3
9487010,23161545,VST3
7948308,23161545,VST3
10589735,23161545,VST3
10293577,23161545,VST3
10425169,23161545,VST3
13210305,22991277,VST3
10361370,15057561,VST3
21996068,22911141,VST3
10318835,21996068,VST3
9013668,21996068,VST3
2279291,21996068,VST3
10178931,21996068,VST3
17025298,19178250,VST3
17224030,19388622,VST3
13020691,17224030,VST3
17224030,20815980,VST3
9487010,17224030,VST3
7948308,17224030,VST3
10589735,17224030,VST3
10293577,17224030,VST3
10425169,17224030,VST3
11604443,13450574,VST3
14849002,22911141,VST3
3362080,22911141,VST3
19782619,22911141,VST3
14053882,22911141,VST3
10350952,22911141,VST3
2593325,3087100,VST3
3087100,5665159,VST3
2827291,23118425,VST3
16023045,18028121,VST3
2453715,11893997,VST3
7847812,21515430,VST3
6155833,19388622,VST3
6155833,13020691,VST3
6155833,20815980,VST3
6155833,9487010,VST3
6155833,7948308,VST3
6155833,10589735,VST3
6155833,10293577,VST3
6155833,10425169,VST3
14091098,19388622,VST3
6983973,19388622,VST3
13974204,19388622,VST3
6729311,19388622,VST3
19388622,20378673,VST3
8024375,19388622,VST3
3516106,19388622,VST3
8769373,19388622,VST3
15972030,19388622,VST3
2490462,19388622,VST3
14887616,19388622,VST3
11997195,19388622,VST3
1884023,19388622,VST3
9568958,19388622,VST3
6795580,19388622,VST3
10298747,19388622,VST3
19388622,23243320,VST3
13569337,13949581,VST3
10785895,10785896,VST3
7235121,17805384,VST3
12096098,22479286,VST3
3962795,9099457,VST3
11418746,23290018,VST3
10318835,14849002,VST3
9013668,14849002,VST3
2279291,14849002,VST3
10178931,14849002,VST3
6983973,13020691,VST3
6983973,20815980,VST3
6983973,9487010,VST3
6983973,7948308,VST3
6983973,10589735,VST3
6983973,10293577,VST3
6983973,10425169,VST3
13020691,13974204,VST3
13974204,20815980,VST3
9487010,13974204,VST3
7948308,13974204,VST3
10589735,13974204,VST3
10293577,13974204,VST3
10425169,13974204,VST3
6729311,13020691,VST3
6729311,20815980,VST3
6729311,9487010,VST3
6729311,7948308,VST3
6729311,10589735,VST3
6729311,10293577,VST3
6729311,10425169,VST3
3362080,10318835,VST3
10318835,19782619,VST3
2279291,10318835,VST3
10318835,14053882,VST3
10178931,10318835,VST3
10318835,10350952,VST3
4317626,8428267,VST3
3362080,9013668,VST3
2279291,3362080,VST3
3362080,10178931,VST3
3567576,13024538,VST3
12296633,12577739,VST3
10871260,17805384,VST3
13020691,20378673,VST3
20378673,20815980,VST3
9487010,20378673,VST3
7948308,20378673,VST3
10589735,20378673,VST3
10293577,20378673,VST3
10425169,20378673,VST3
6633988,13848422,VST3
6381991,16301846,VST3
14350198,16502662,VST3
8024375,13020691,VST3
13020691,20815980,VST3
3516106,13020691,VST3
9487010,13020691,VST3
8769373,13020691,VST3
7948308,13020691,VST3
13020691,15972030,VST3
2490462,13020691,VST3
13020691,14887616,VST3
11997195,13020691,VST3
1884023,13020691,VST3
10589735,13020691,VST3
9568958,13020691,VST3
10293577,13020691,VST3
6795580,13020691,VST3
10298747,13020691,VST3
13020691,23243320,VST3
11893997,18673631,VST3
9013668,19782619,VST3
9013668,14053882,VST3
9013668,10350952,VST3
8024375,20815980,VST3
8024375,9487010,VST3
7948308,8024375,VST3
8024375,10589735,VST3
8024375,10293577,VST3
8024375,10425169,VST3
3772396,20177224,VST3
3772396,16087900,VST3
5600261,15460365,VST3
1042184,3756429,VST3
3516106,20815980,VST3
8769373,20815980,VST3
15972030,20815980,VST3
2490462,20815980,VST3
14887616,20815980,VST3
11997195,20815980,VST3
1884023,20815980,VST3
9568958,20815980,VST3
6795580,20815980,VST3
10298747,20815980,VST3
20815980,23243320,VST3
10425169,20815980,VST3
3883870,5767800,VST3
3516106,9487010,VST3
3516106,7948308,VST3
3516106,10589735,VST3
3516106,10293577,VST3
3516106,10425169,VST3
2593325,20929570,VST3
5665159,20929570,VST3
8769373,9487010,VST3
7948308,9487010,VST3
9487010,15972030,VST3
2490462,9487010,VST3
9487010,14887616,VST3
9487010,11997195,VST3
1884023,9487010,VST3
9487010,9568958,VST3
6795580,9487010,VST3
9487010,10298747,VST3
9487010,23243320,VST3
7948308,8769373,VST3
8769373,10589735,VST3
8769373,10293577,VST3
8769373,10425169,VST3
8848809,13024208,VST3
8848809,19076701,VST3
7948308,15972030,VST3
2490462,7948308,VST3
7948308,14887616,VST3
7948308,11997195,VST3
1884023,7948308,VST3
7948308,10589735,VST3
7948308,9568958,VST3
7948308,10293577,VST3
6795580,7948308,VST3
7948308,10298747,VST3
7948308,23243320,VST3
4056446,16087901,VST3
2279291,19782619,VST3
10178931,19782619,VST3
10589735,15972030,VST3
10293577,15972030,VST3
10425169,15972030,VST3
2279291,14053882,VST3
2279291,10178931,VST3
2279291,10350952,VST3
2490462,10589735,VST3
2490462,10293577,VST3
2490462,10425169,VST3
22991275,22991277,VST3
5767800,16966539,VST3
10589735,14887616,VST3
10293577,14887616,VST3
10425169,14887616,VST3
2593325,5665159,VST3
2593325,7133024,VST3
2593325,3517430,VST3
10178931,14053882,VST3
10589735,11997195,VST3
10293577,11997195,VST3
10425169,11997195,VST3
1884023,10589735,VST3
1884023,10293577,VST3
1884023,10425169,VST3
6451560,11592707,VST3
9568958,10589735,VST3
6795580,10589735,VST3
10298747,10589735,VST3
10589735,23243320,VST3
1042184,17231051,VST3
5665159,7133024,VST3
3517430,5665159,VST3
9568958,10293577,VST3
9568958,10425169,VST3
6795580,10293577,VST3
10293577,10298747,VST3
10293577,23243320,VST3
6795580,10425169,VST3
10298747,10425169,VST3
10425169,23243320,VST3
10178931,10350952,VST3
11088627,23677115,VST3
12693284,23677115,VST3
9552054,20898459,VST3
1624010,14263421,VST3
14263421,20372195,VST3
3325456,14263421,VST3
8489742,14263421,VST3
14263421,18748516,VST3
1820410,10337387,VST3
21754660,22728537,VST3
21754658,22728535,VST3
57899,268785,VST3
49611,120115,VST3
49611,120116,VST3
49611,209238,VST3
49611,207026,VST3
120113,207024,VST3
49609,120114,VST3
120115,120116,VST3
49610,120115,VST3
120115,207026,VST3
120116,207026,VST3
14258226,22783647,VST3
3518381,22783647,VST3
10052160,22783647,VST3
9637143,15664293,VST3
15664293,18517735,VST3
9637143,18517735,VST3
6663397,14258226,VST3
3518381,6663397,VST3
6663397,10052160,VST3
13946915,15297120,VST3
891762,891763,VST3
537382,891763,VST3
537383,891762,VST3
537382,537383,VST3
13946915,15297120,VST3
